date,btc,eth,xrp,xlm,ltc,usdt,xmr,etc,dash,neo,nem,zec,lsk,dcr,bts,doge
2018-06-30,6404.0,455.18,0.46624499999999997,0.193425,81.37,0.999192,131.01,16.1,238.36,30.64,0.16426500000000002,163.99,5.35,67.19,0.140225,0.002499
2018-06-29,6218.3,436.01,0.45308000000000004,0.18671,78.77,1.0,126.78,15.27,234.24,29.64,0.15173699999999998,163.28,5.04,69.78,0.13488699999999998,0.002427
2018-06-28,5903.44,422.36,0.44845799999999997,0.178951,74.93,0.997193,115.81,14.54,219.82,28.36,0.14560499999999998,154.1,4.92,60.4,0.12581900000000001,0.002357
2018-06-27,6157.13,442.36,0.47036999999999995,0.189633,80.66,0.997935,128.71,15.38,229.2,30.32,0.152838,166.13,5.28,69.68,0.134232,0.002437
2018-06-26,6093.67,432.77,0.45600100000000005,0.18648399999999998,76.87,1.0,120.82,14.88,230.96,30.31,0.151543,163.2,5.27,71.52,0.132438,0.002478
2018-06-25,6249.18,460.31,0.481753,0.19775299999999998,81.83,1.0,126.76,15.84,241.2,31.71,0.15821400000000002,176.02,5.57,74.94,0.13918699999999998,0.0024850000000000002
2018-06-24,6173.23,457.67,0.47738,0.193633,80.78,1.01,121.29,14.88,238.04,31.27,0.152326,167.51,5.47,73.79,0.135045,0.00251
2018-06-23,6162.48,474.52,0.491284,0.203515,82.6,1.0,115.38,14.81,243.01,34.27,0.16456700000000002,171.02,5.63,72.86,0.137262,0.002641
2018-06-22,6083.69,465.82,0.486947,0.203407,85.08,1.0,110.6,14.62,236.48,33.26,0.164705,168.79,5.35,77.6,0.139444,0.002668
2018-06-21,6729.74,527.37,0.534775,0.22799699999999998,96.93,1.0,123.61,17.58,260.83,37.84,0.188716,192.73,6.25,90.39,0.160828,0.0029879999999999998
2018-06-20,6776.55,536.27,0.5392859999999999,0.232188,97.99,0.9988290000000001,122.55,17.27,265.3,38.93,0.194919,193.68,6.36,91.49,0.162103,0.0030210000000000002
2018-06-19,6769.94,537.96,0.549621,0.23530900000000002,98.84,1.0,126.22,15.56,261.52,39.94,0.19828900000000002,198.23,6.49,92.97,0.162187,0.0030329999999999997
2018-06-18,6734.82,518.89,0.537495,0.234371,98.82,1.0,127.43,15.09,265.46,39.7,0.197408,198.54,6.45,93.74,0.164078,0.0030269999999999997
2018-06-17,6499.27,500.45,0.528216,0.232105,96.1,1.01,124.06,14.33,265.77,38.76,0.194889,191.45,6.31,91.33,0.160154,0.002873
2018-06-16,6550.16,499.64,0.534784,0.234041,97.58,1.0,126.83,14.51,266.17,38.2,0.195501,193.44,6.59,90.25,0.16176600000000002,0.002895
2018-06-15,6456.58,491.0,0.5377069999999999,0.234242,96.68,1.01,122.78,13.9,258.06,38.26,0.19437000000000001,194.6,6.53,91.04,0.156904,0.0029010000000000004
2018-06-14,6675.35,519.74,0.5613060000000001,0.24242600000000003,101.15,1.0,132.94,14.06,268.32,40.85,0.20421,199.57,6.96,99.24,0.16583,0.002944
2018-06-13,6349.9,477.49,0.534663,0.221691,94.08,1.0,121.85,13.88,245.96,38.15,0.189397,185.28,6.35,86.4,0.156063,0.002817
2018-06-12,6582.36,496.84,0.562933,0.23168899999999998,100.75,1.0,125.66,14.85,261.12,41.49,0.206804,195.76,6.75,86.65,0.154392,0.003089
2018-06-11,6906.92,533.28,0.604066,0.25648200000000004,107.52,1.0,138.04,12.92,271.81,45.6,0.22290500000000002,206.48,7.26,95.46,0.177522,0.0032340000000000003
2018-06-10,6786.02,526.48,0.588126,0.247658,107.04,0.998215,139.51,12.64,274.04,45.71,0.216827,203.68,7.11,93.22,0.171785,0.003182
2018-06-09,7531.98,597.56,0.659755,0.281894,117.74,1.01,154.96,15.16,299.0,51.09,0.24613800000000002,232.67,8.28,103.6,0.20821199999999998,0.003593
2018-06-08,7624.92,601.08,0.674343,0.287963,120.08,1.0,158.7,15.41,310.7,52.59,0.25274,239.37,8.57,108.76,0.21334299999999998,0.0036590000000000004
2018-06-07,7678.24,605.19,0.678128,0.29420599999999997,121.43,0.99875,163.91,15.25,312.67,53.82,0.25464499999999995,237.3,8.69,107.24,0.21898600000000001,0.003732
2018-06-06,7653.98,607.12,0.674797,0.298269,121.18,1.0,164.61,15.25,314.55,53.92,0.250975,236.05,8.86,100.59,0.21891100000000002,0.0037869999999999996
2018-06-05,7633.76,609.3,0.6770149999999999,0.294313,121.7,1.0,167.19,15.53,317.42,54.45,0.252357,239.53,9.15,101.15,0.22669699999999998,0.003654
2018-06-04,7514.47,592.98,0.661425,0.292158,119.9,1.0,160.09,15.23,316.89,53.44,0.249691,236.48,9.07,100.0,0.22164499999999998,0.003532
2018-06-03,7720.25,618.33,0.671205,0.302912,125.5,1.0,169.35,16.25,331.19,56.42,0.263974,253.38,10.01,98.85,0.23345300000000002,0.0036899999999999997
2018-06-02,7643.45,591.81,0.643451,0.298413,123.31,0.9935299999999999,162.65,15.82,321.43,56.76,0.263685,250.61,9.37,102.47,0.224444,0.003558
2018-06-01,7541.45,580.04,0.623364,0.290022,119.92,1.0,157.54,15.52,315.35,55.45,0.254621,240.86,8.65,96.26,0.206961,0.003423
2018-05-31,7494.17,577.65,0.612622,0.29665199999999997,118.07,0.9980030000000001,155.52,15.31,306.25,52.93,0.245114,245.67,8.56,93.65,0.198475,0.0033979999999999995
2018-05-30,7406.52,559.59,0.605817,0.27774699999999997,117.53,0.999727,155.23,15.2,304.14,51.54,0.241666,251.18,8.48,90.13,0.196306,0.0033539999999999998
2018-05-29,7472.59,565.39,0.601241,0.28284499999999996,119.57,1.0,157.57,15.22,316.1,52.11,0.238668,247.92,8.88,93.55,0.198818,0.003437
2018-05-28,7135.99,516.04,0.552299,0.25358200000000003,111.6,1.0,149.96,14.4,288.44,48.26,0.22831500000000002,228.76,7.99,89.79,0.18535,0.0032259999999999997
2018-05-27,7368.22,572.67,0.607881,0.276376,117.99,0.999182,166.08,15.21,315.97,52.93,0.256728,261.35,8.83,91.93,0.201655,0.0034240000000000004
2018-05-26,7355.88,587.28,0.612708,0.284695,118.28,0.99989,164.55,15.25,321.79,52.26,0.25907600000000003,277.19,8.83,92.26,0.199037,0.0034630000000000004
2018-05-25,7480.14,586.73,0.611001,0.288069,119.44,1.0,164.72,15.19,339.71,53.03,0.263889,286.23,8.97,101.47,0.192549,0.003514
2018-05-24,7587.34,601.76,0.631997,0.291338,122.61,0.998818,171.49,15.71,343.71,54.76,0.27174699999999996,294.98,9.35,103.18,0.20613,0.0034990000000000004
2018-05-23,7557.82,583.59,0.599594,0.280355,119.31,1.0,171.54,14.95,340.67,52.47,0.26143299999999997,288.73,9.19,103.52,0.19333599999999998,0.0035909999999999996
2018-05-22,8041.78,647.74,0.645567,0.301084,128.68,1.0,176.27,16.47,360.39,57.38,0.287475,314.88,9.85,109.88,0.22466799999999998,0.003851
2018-05-21,8418.99,699.22,0.6815869999999999,0.31811500000000004,134.51,1.0,198.74,17.68,384.79,62.46,0.311285,329.47,10.91,116.79,0.252531,0.0042710000000000005
2018-05-20,8513.25,715.37,0.700244,0.33281,139.7,0.999117,203.45,18.16,402.08,63.51,0.321398,352.18,11.31,111.22,0.265549,0.004423
2018-05-19,8247.18,696.53,0.676713,0.317234,135.32,1.0,197.57,17.7,386.53,59.17,0.307566,345.2,10.57,107.65,0.258748,0.004286
2018-05-18,8250.97,694.37,0.680294,0.319488,136.06,1.0,204.05,18.0,395.89,59.68,0.312504,358.81,10.5,104.9,0.254245,0.004017
2018-05-17,8094.32,672.66,0.6673100000000001,0.31349699999999997,132.77,1.0,192.99,17.04,387.41,57.82,0.30394,315.93,10.21,93.6,0.243817,0.004188
2018-05-16,8368.83,707.05,0.7140810000000001,0.334677,139.27,0.99995,199.21,17.76,412.6,61.85,0.326662,366.85,10.28,92.54,0.249401,0.004385
2018-05-15,8510.38,708.87,0.698588,0.348445,139.88,1.0,205.17,18.26,429.34,63.25,0.335998,355.47,10.5,97.32,0.25152399999999997,0.004515
2018-05-14,8716.79,730.55,0.740898,0.36968,147.71,1.0,215.04,18.79,432.71,66.46,0.368996,312.02,11.08,102.28,0.250813,0.00446
2018-05-13,8723.94,733.5,0.745748,0.375852,144.59,1.0,209.58,18.73,416.84,67.76,0.356028,260.84,11.0,91.1,0.25705100000000003,0.0043289999999999995
2018-05-12,8504.89,686.05,0.696735,0.359937,141.88,1.0,201.96,18.15,404.53,64.76,0.33263000000000004,245.65,10.15,85.41,0.24365799999999999,0.0044729999999999995
2018-05-11,8441.49,679.59,0.684948,0.314252,137.12,1.0,197.74,17.73,394.21,63.4,0.320185,238.83,10.05,86.49,0.242414,0.0043619999999999996
2018-05-10,9043.94,727.28,0.7582369999999999,0.353962,149.87,1.0,218.22,19.74,421.34,70.18,0.351925,264.11,11.11,86.9,0.26665500000000003,0.00487
2018-05-09,9325.18,752.28,0.8020430000000001,0.37797,157.05,1.0,227.52,21.5,443.16,76.33,0.379517,275.95,11.86,85.22,0.307686,0.005093
2018-05-08,9234.82,752.86,0.81397,0.386371,159.62,1.0,223.35,22.47,443.78,77.08,0.37816,275.21,12.17,85.58,0.312382,0.005303
2018-05-07,9373.01,753.72,0.832641,0.395702,164.88,0.997237,233.07,23.64,457.99,79.29,0.39055100000000004,281.35,12.68,87.94,0.310259,0.004817
2018-05-06,9654.8,792.31,0.871424,0.412944,171.8,0.997202,235.49,25.34,485.22,83.56,0.41852399999999995,291.23,13.27,86.0,0.329621,0.0049700000000000005
2018-05-05,9858.15,816.12,0.9051030000000001,0.430875,177.76,0.9962840000000001,240.78,22.76,505.71,84.36,0.426755,306.3,13.56,87.67,0.350051,0.00518
2018-05-04,9700.76,785.62,0.895442,0.43113999999999997,168.79,0.998561,241.53,22.4,486.32,84.26,0.43126899999999996,296.93,13.73,91.73,0.350707,0.005268999999999999
2018-05-03,9743.86,779.54,0.884466,0.437379,161.46,0.997973,245.98,22.76,503.32,87.82,0.43405,308.42,14.4,83.87,0.358263,0.005640999999999999
2018-05-02,9235.92,687.15,0.859094,0.43922700000000003,151.58,0.9974639999999999,249.66,21.67,481.49,84.79,0.420621,293.37,14.19,81.47,0.376826,0.005273
2018-05-01,9119.01,673.61,0.841407,0.439733,148.49,1.0,240.26,21.58,478.9,84.64,0.404853,290.49,13.27,81.61,0.365282,0.005144
2018-04-30,9240.55,669.92,0.837938,0.424659,148.48,0.998919,242.46,21.68,472.77,84.27,0.40888,285.14,13.16,83.5,0.358752,0.00521
2018-04-29,9419.08,688.88,0.872778,0.458405,153.63,0.998016,256.87,21.83,498.69,91.07,0.427005,293.76,12.98,83.58,0.34213000000000005,0.005459
2018-04-28,9348.48,683.68,0.8638040000000001,0.428918,152.3,0.9993350000000001,261.51,21.73,494.11,76.75,0.42033400000000004,296.62,11.85,86.96,0.280736,0.005357
2018-04-27,8987.05,647.03,0.8138850000000001,0.391085,145.9,1.0,251.88,20.56,472.06,72.67,0.388561,283.37,11.2,83.6,0.26171700000000003,0.005422
2018-04-26,9281.51,662.81,0.8524139999999999,0.387556,153.68,0.9996139999999999,268.27,21.06,503.86,77.19,0.403456,302.85,11.75,85.03,0.274371,0.005627
2018-04-25,8845.74,615.42,0.800607,0.339517,144.76,0.991809,257.14,18.58,461.01,71.38,0.376121,283.6,11.05,77.51,0.245942,0.005093
2018-04-24,9697.5,708.16,0.934781,0.40066999999999997,165.78,1.0,296.04,22.25,530.13,83.01,0.434433,319.66,13.09,75.77,0.298161,0.0058
2018-04-23,8930.88,642.55,0.876657,0.372128,152.25,0.9978469999999999,283.3,20.48,503.39,76.22,0.394801,297.63,12.3,65.73,0.269111,0.005482
2018-04-22,8802.46,621.86,0.8699950000000001,0.368139,146.77,0.9961959999999999,271.3,18.79,467.71,73.76,0.38609099999999996,272.32,11.53,64.47,0.262214,0.005539
2018-04-21,8895.58,605.4,0.8731030000000001,0.375663,148.93,0.999014,258.18,18.69,444.5,74.99,0.388677,270.64,11.66,67.35,0.26462800000000003,0.005413
2018-04-20,8845.83,615.72,0.924465,0.391165,155.54,0.998338,271.98,19.64,460.41,79.03,0.40526799999999996,281.98,12.32,66.39,0.27768000000000004,0.005893
2018-04-19,8294.31,567.89,0.791976,0.36612,146.3,0.997185,238.61,18.38,431.33,74.13,0.38763000000000003,263.86,11.78,62.24,0.24376799999999998,0.005824
2018-04-18,8163.42,524.79,0.708932,0.351544,140.0,0.997609,228.35,17.62,421.18,72.84,0.375668,247.88,11.31,61.68,0.227617,0.005412
2018-04-17,7902.09,502.89,0.656933,0.300202,132.93,0.998556,195.75,16.07,363.85,65.75,0.340167,221.93,10.48,60.55,0.21005900000000002,0.004744
2018-04-16,8058.67,511.15,0.663297,0.284156,128.34,0.997592,194.1,16.12,363.58,66.7,0.344979,225.46,10.69,62.35,0.21062399999999998,0.0045850000000000005
2018-04-15,8329.11,531.7,0.682534,0.290722,132.04,0.998602,200.62,16.75,381.7,70.33,0.358358,232.18,10.48,63.73,0.228075,0.004571
2018-04-14,7986.24,501.48,0.632184,0.250668,126.29,0.9997659999999999,190.42,16.02,356.14,63.86,0.305177,222.04,9.98,59.37,0.18648199999999998,0.00415
2018-04-13,7895.96,492.73,0.638087,0.24629,125.35,0.9988950000000001,188.87,15.61,353.07,62.21,0.282566,228.14,9.77,57.97,0.188711,0.003995
2018-04-12,7889.25,492.94,0.628737,0.24211999999999997,129.34,0.9968309999999999,191.94,16.17,353.8,66.71,0.275733,216.41,9.72,61.15,0.178671,0.0037979999999999997
2018-04-11,6968.32,430.54,0.539506,0.212337,118.29,1.0,169.16,14.59,309.42,58.54,0.24688600000000002,184.78,8.74,52.36,0.155961,0.003396
2018-04-10,6834.76,414.24,0.49193100000000006,0.199344,114.26,0.9973559999999999,165.57,13.65,298.81,52.62,0.235359,179.72,8.53,51.01,0.14261600000000002,0.003043
2018-04-09,6770.73,398.53,0.49185500000000004,0.19733299999999998,114.99,0.997555,167.07,13.63,298.4,52.93,0.229289,177.41,8.63,48.06,0.13805699999999999,0.002763
2018-04-08,7023.52,400.51,0.500398,0.206377,117.67,0.9968090000000001,173.97,14.12,310.85,49.19,0.23549,183.9,9.15,49.79,0.143767,0.002843
2018-04-07,6911.09,385.31,0.487867,0.20185899999999998,116.26,0.9996440000000001,170.12,13.47,297.8,46.42,0.22296799999999997,181.81,8.59,49.95,0.142206,0.002802
2018-04-06,6636.32,370.29,0.47643100000000005,0.19331700000000002,113.15,1.0,162.0,13.15,285.45,44.94,0.219099,175.63,8.25,43.86,0.138352,0.00267
2018-04-05,6811.47,383.23,0.49580100000000005,0.19794,119.13,1.0,173.31,13.72,301.65,47.2,0.224768,184.61,8.61,43.66,0.14441400000000001,0.0027140000000000003
2018-04-04,6853.84,380.54,0.501631,0.20410799999999998,118.41,1.0,170.1,13.64,299.85,47.55,0.227384,183.4,8.41,42.35,0.137514,0.00277
2018-04-03,7456.11,416.89,0.558044,0.23569099999999998,134.47,1.0,189.54,15.16,339.85,53.64,0.26069200000000003,206.18,10.16,46.98,0.152023,0.00298
2018-04-02,7083.8,386.42,0.500688,0.22487800000000002,119.31,1.0,177.51,14.13,311.81,48.82,0.226911,193.89,7.83,41.76,0.14774,0.002797
2018-04-01,6844.23,379.61,0.48508100000000004,0.20658200000000002,115.22,0.9998100000000001,175.51,13.58,291.53,47.3,0.20879,182.48,7.07,39.32,0.128162,0.002719
2018-03-31,6973.53,396.46,0.512353,0.20677800000000002,116.61,1.0,179.56,14.37,305.76,50.13,0.221104,185.54,7.54,39.74,0.12804100000000002,0.0028190000000000003
2018-03-30,6890.52,394.64,0.5095649999999999,0.18873299999999998,118.6,0.998943,172.36,14.39,311.12,50.31,0.22090100000000001,189.89,7.45,38.81,0.126497,0.002763
2018-03-29,7165.7,385.97,0.5115109999999999,0.19081900000000002,114.68,0.9986229999999999,176.86,14.68,329.28,51.88,0.22122199999999997,186.83,7.94,40.37,0.12804400000000002,0.002827
2018-03-28,7954.48,446.28,0.578002,0.21925100000000003,131.75,0.9992040000000001,199.16,16.1,351.26,57.24,0.253923,210.86,9.66,46.79,0.143017,0.003141
2018-03-27,7833.04,450.12,0.577917,0.216033,135.78,1.0,187.93,15.91,354.75,55.53,0.249203,216.35,9.85,45.94,0.144715,0.003145
2018-03-26,8209.4,489.95,0.599463,0.228861,149.22,1.0,197.18,16.48,390.87,59.74,0.2661,225.35,10.97,48.24,0.15176800000000001,0.0032890000000000003
2018-03-25,8495.78,524.29,0.641875,0.239952,160.08,0.9996860000000001,211.78,18.09,411.79,65.43,0.288878,239.36,11.63,50.56,0.16251,0.003505
2018-03-24,8668.12,526.44,0.641265,0.235422,159.63,1.01,209.16,18.5,424.61,65.73,0.282152,243.33,11.89,51.61,0.16295,0.00359
2018-03-23,8879.62,539.62,0.643174,0.23614699999999997,167.83,0.9902350000000001,213.91,19.04,427.46,68.56,0.278787,256.87,12.03,52.76,0.167376,0.0035600000000000002
2018-03-22,8728.47,539.7,0.6627430000000001,0.24321199999999998,163.67,0.9989819999999999,212.71,19.67,411.36,69.64,0.29749899999999996,249.26,12.5,50.67,0.161576,0.0035280000000000003
2018-03-21,8929.28,561.73,0.6936640000000001,0.25463600000000003,169.05,0.999244,218.63,19.8,434.51,72.95,0.290294,260.07,13.38,51.8,0.160093,0.0036590000000000004
2018-03-20,8913.47,557.17,0.709808,0.267968,168.82,0.9968319999999999,223.74,20.21,428.88,76.03,0.310745,259.24,13.63,52.56,0.16181600000000002,0.0036509999999999997
2018-03-19,8630.65,556.73,0.74908,0.250226,161.14,0.989867,216.77,19.65,409.32,73.44,0.30199299999999996,252.62,12.74,52.37,0.14888099999999999,0.00344
2018-03-18,8223.68,538.64,0.6587770000000001,0.220473,154.07,1.0,209.63,16.79,394.15,65.5,0.28175900000000004,244.38,12.25,50.7,0.132417,0.0031899999999999997
2018-03-17,7916.88,552.78,0.6378560000000001,0.206731,152.97,1.0,197.91,16.32,387.28,61.53,0.281779,220.48,12.17,48.48,0.137167,0.0032990000000000003
2018-03-16,8338.35,601.67,0.68926,0.22999099999999997,165.45,0.998551,215.7,17.78,425.52,68.25,0.338381,236.75,13.1,54.25,0.148263,0.00351
2018-03-15,8300.86,611.3,0.6972689999999999,0.240655,164.48,1.0,213.31,18.41,418.24,69.57,0.37652800000000003,242.99,13.35,54.83,0.149526,0.003536
2018-03-14,8269.81,614.29,0.701902,0.248689,161.1,1.0,215.56,17.15,426.26,71.67,0.399253,250.68,11.73,52.18,0.145028,0.0035240000000000002
2018-03-13,9194.85,690.83,0.7897109999999999,0.290193,175.78,0.999843,248.07,19.92,487.37,83.38,0.465787,284.37,14.03,59.59,0.164237,0.00396
2018-03-12,9205.12,699.83,0.801048,0.291765,178.23,1.0,259.42,20.5,501.3,85.91,0.39067199999999996,291.69,14.16,59.78,0.163777,0.004032
2018-03-11,9578.63,723.34,0.8311219999999999,0.304217,188.95,1.0,282.35,21.58,531.8,91.19,0.350379,309.7,14.92,63.61,0.16966900000000001,0.00421
2018-03-10,8866.0,686.89,0.7966270000000001,0.292661,177.73,1.01,257.04,20.91,484.35,85.58,0.341924,288.51,14.2,60.9,0.160923,0.003973
2018-03-09,9337.55,728.92,0.8497610000000001,0.311859,187.17,1.0,288.09,22.48,499.5,92.67,0.33807,310.95,15.49,61.12,0.168227,0.004146
2018-03-08,9395.01,704.6,0.825857,0.311938,176.51,1.01,278.64,22.67,493.82,91.57,0.341636,318.39,15.07,58.67,0.164952,0.004025
2018-03-07,9965.57,752.83,0.87121,0.32910300000000003,185.84,1.0,339.15,22.12,513.74,100.44,0.297047,347.58,15.62,66.78,0.176598,0.004024
2018-03-06,10779.9,816.95,0.9228870000000001,0.337911,196.6,1.0,346.4,25.1,578.51,105.11,0.339163,384.43,16.9,72.9,0.189021,0.00461
2018-03-05,11573.3,853.68,0.959368,0.352031,211.18,0.998864,373.25,26.84,614.58,113.02,0.353482,391.87,18.46,82.38,0.214232,0.0052179999999999995
2018-03-04,11512.6,866.68,1.01,0.36193000000000003,213.8,0.997612,368.97,29.69,620.48,119.36,0.356651,409.29,18.92,80.63,0.22772699999999998,0.005502
2018-03-03,11489.7,857.22,0.907804,0.350168,210.64,1.0,352.95,29.19,610.52,122.14,0.377967,387.67,18.87,80.68,0.216669,0.005301
2018-03-02,11086.4,856.85,0.9101440000000001,0.32010700000000003,212.56,0.9997299999999999,344.73,30.77,603.63,124.24,0.39515900000000004,387.84,19.21,80.65,0.229927,0.005482
2018-03-01,10951.0,872.2,0.9283469999999999,0.339314,209.75,1.0,314.04,33.76,617.53,129.05,0.416245,400.28,20.12,79.54,0.239448,0.006215
2018-02-28,10397.9,855.2,0.904583,0.333916,202.9,0.9989030000000001,285.7,33.69,584.29,133.24,0.401794,382.03,18.34,74.41,0.221125,0.006018
2018-02-27,10725.6,878.27,0.947305,0.362051,216.6,1.0,302.54,36.25,615.85,142.5,0.401762,408.97,20.12,77.91,0.22029,0.006291
2018-02-26,10366.7,869.32,0.956859,0.364579,220.96,0.999561,293.61,36.08,621.27,134.17,0.402877,404.24,20.65,75.54,0.22124499999999997,0.006339
2018-02-25,9664.73,844.81,0.9434870000000001,0.357302,220.48,1.0,281.02,36.41,591.69,118.46,0.398644,391.25,20.01,72.04,0.21530100000000002,0.006142
2018-02-24,9813.07,840.52,0.9544020000000001,0.355163,209.42,1.0,273.79,38.84,595.01,118.57,0.406426,392.28,20.82,71.84,0.215549,0.006324000000000001
2018-02-23,10301.1,864.19,0.9988549999999999,0.38198499999999996,209.31,1.0,285.71,38.04,631.66,121.65,0.439576,416.32,22.6,76.1,0.227106,0.006648
2018-02-22,10005.0,812.84,0.941788,0.36644699999999997,195.31,1.0,282.76,32.81,632.96,114.08,0.432245,397.79,21.49,72.36,0.22464099999999998,0.006259000000000001
2018-02-21,10690.4,849.97,1.02,0.39676500000000003,213.35,1.0,322.61,36.63,670.39,120.96,0.46443900000000005,434.8,22.41,75.55,0.218266,0.006581
2018-02-20,11403.7,895.37,1.09,0.402289,232.85,1.0,304.4,38.47,685.04,128.36,0.484397,438.57,26.19,80.92,0.246748,0.007094
2018-02-19,11225.3,943.86,1.14,0.45293199999999995,223.06,1.0,316.49,39.29,728.73,137.47,0.529261,472.97,30.37,88.21,0.267527,0.006697
2018-02-18,10551.8,923.92,1.12,0.450399,215.74,1.01,300.12,34.88,689.28,127.38,0.530407,451.02,29.69,84.94,0.257463,0.006423999999999999
2018-02-17,11112.7,974.11,1.2,0.479075,229.46,1.0,325.67,34.99,742.16,136.75,0.59888,490.84,33.22,96.26,0.281891,0.007049
2018-02-16,10233.9,944.21,1.14,0.455446,230.12,1.0,296.48,35.03,698.86,128.85,0.568887,481.52,32.01,90.42,0.275096,0.007034
2018-02-15,10166.4,936.98,1.15,0.453556,225.43,1.01,303.25,34.53,703.86,123.29,0.561359,486.75,31.37,87.52,0.271683,0.007347
2018-02-14,9494.63,923.56,1.14,0.453888,213.36,1.0,276.66,35.04,678.98,122.52,0.570005,483.79,28.28,81.28,0.275119,0.00673
2018-02-13,8598.31,845.26,1.03,0.41061400000000003,159.55,1.0,234.69,33.96,595.47,111.18,0.5331859999999999,447.13,26.0,73.25,0.238774,0.005638000000000001
2018-02-12,8926.57,868.71,1.08,0.395649,161.57,1.0,247.57,29.88,620.56,113.25,0.557894,462.24,28.12,77.35,0.24629099999999998,0.005472
2018-02-11,8129.97,814.66,1.0,0.37000500000000003,148.99,0.999251,229.49,24.13,580.02,103.4,0.52864,434.16,25.28,69.02,0.236442,0.004956
2018-02-10,8621.9,860.41,1.07,0.406856,155.59,1.0,250.03,24.52,634.1,110.63,0.590511,483.42,27.26,76.97,0.246743,0.004989
2018-02-09,8736.98,883.86,0.954428,0.401068,163.95,1.0,260.43,26.0,637.82,117.57,0.590486,475.72,27.25,81.49,0.26234,0.005
2018-02-08,8265.59,817.81,0.8052630000000001,0.363565,149.47,1.02,247.22,21.79,605.01,112.43,0.543094,435.91,23.09,72.51,0.23641700000000002,0.004566
2018-02-07,7621.3,757.07,0.723895,0.342125,138.2,1.0,207.27,18.16,521.99,102.5,0.536718,354.35,18.31,68.51,0.214035,0.004297
2018-02-06,7754.0,793.12,0.776393,0.370811,142.99,1.01,212.29,19.39,528.5,105.95,0.5842,372.39,18.26,72.74,0.22780599999999998,0.004361
2018-02-05,6955.27,697.95,0.6917989999999999,0.331192,125.33,0.996308,179.49,16.53,451.43,82.37,0.449672,303.61,15.13,58.98,0.20049,0.0035329999999999997
2018-02-04,8277.01,834.68,0.815703,0.377231,148.02,1.01,221.05,21.04,549.96,107.46,0.55087,346.91,20.01,73.89,0.268479,0.004399
2018-02-03,9174.91,964.02,0.9240430000000001,0.43005600000000005,160.25,1.0,251.59,24.2,637.37,122.96,0.628795,388.55,23.08,88.91,0.334895,0.005164
2018-02-02,8830.75,915.78,0.884784,0.405075,131.38,0.9907469999999999,235.63,23.07,586.88,120.13,0.5826520000000001,383.55,21.41,80.29,0.316421,0.004475
2018-02-01,9170.54,1036.79,0.9625299999999999,0.456455,142.3,0.9869389999999999,240.96,24.97,617.04,126.0,0.618265,400.74,22.34,83.38,0.391917,0.005029
2018-01-31,10221.1,1118.31,1.16,0.539797,163.35,0.990274,272.89,28.76,697.46,145.76,0.779857,397.88,26.34,97.83,0.441546,0.00601
2018-01-30,10106.3,1071.13,1.14,0.48964799999999997,165.28,0.9864860000000001,274.02,27.13,676.91,146.28,0.7764909999999999,383.47,21.71,89.28,0.392933,0.006024
2018-01-29,11296.4,1182.36,1.32,0.589283,181.66,0.9953190000000001,316.63,31.71,767.69,168.14,0.9354309999999999,448.61,22.55,98.73,0.457007,0.006967
2018-01-28,11786.3,1246.01,1.4,0.634421,193.87,0.98879,332.17,32.9,812.24,152.16,1.03,471.99,23.29,93.24,0.505791,0.007465
2018-01-27,11440.7,1107.07,1.22,0.613061,180.89,0.993325,321.36,29.49,773.84,140.2,1.06,451.69,23.25,92.12,0.515717,0.007373
2018-01-26,11171.4,1055.17,1.22,0.633916,176.73,1.0,323.68,28.8,782.41,137.89,0.839974,456.94,21.4,90.34,0.45847200000000005,0.007237
2018-01-25,11259.4,1056.03,1.31,0.6082529999999999,180.27,0.9995950000000001,317.1,29.19,795.66,138.0,0.9491,472.97,22.65,91.05,0.428058,0.007667
2018-01-24,11359.4,1058.78,1.36,0.567014,179.99,0.997484,317.4,29.6,775.11,136.41,0.96375,451.73,22.16,94.57,0.408823,0.007083
2018-01-23,10868.4,986.23,1.34,0.48618500000000003,177.81,1.01,308.46,28.37,757.34,121.6,0.942383,442.0,21.82,92.37,0.323558,0.006673
2018-01-22,10931.4,1003.26,1.36,0.486338,180.01,1.01,315.9,29.26,763.2,123.66,0.9914649999999999,446.79,21.39,90.54,0.32745,0.006734
2018-01-21,11600.1,1049.58,1.38,0.464117,190.42,0.9998610000000001,345.08,30.32,818.27,131.1,1.07,487.02,22.12,101.13,0.363833,0.007131
2018-01-20,12899.2,1155.15,1.58,0.5346770000000001,211.02,1.0,383.79,35.01,926.12,149.94,1.21,557.6,25.51,118.83,0.441845,0.008448
2018-01-19,11607.4,1039.1,1.55,0.506232,192.96,1.0,364.62,31.7,846.16,139.49,1.1,524.34,23.04,103.85,0.37945999999999996,0.007871
2018-01-18,11474.9,1036.28,1.6,0.509523,192.84,1.02,316.47,30.19,835.49,142.66,1.08,490.08,23.03,83.76,0.35031100000000004,0.007969
2018-01-17,11188.6,1014.25,1.31,0.477187,186.52,1.01,319.19,29.12,793.57,141.37,1.02,496.82,22.31,86.12,0.357292,0.007648
2018-01-16,11490.5,1053.69,1.18,0.441197,188.33,1.03,320.04,28.46,759.61,145.3,1.03,513.66,21.16,83.13,0.351873,0.006822
2018-01-15,13819.8,1291.92,1.68,0.599271,232.77,1.01,414.57,40.5,939.19,187.4,1.39,627.99,26.91,104.69,0.519846,0.009857
2018-01-14,13772.0,1366.77,1.86,0.6308560000000001,238.68,1.02,399.52,42.96,1014.07,170.42,1.39,675.76,27.72,112.0,0.5547850000000001,0.011684
2018-01-13,14360.2,1396.42,2.02,0.671564,259.19,1.0,420.05,42.39,1100.26,140.62,1.51,701.58,29.34,122.74,0.628814,0.013022999999999998
2018-01-12,13980.6,1273.2,2.04,0.67796,236.86,1.01,394.78,36.4,1054.87,124.47,1.44,700.81,29.43,116.16,0.649088,0.013056
2018-01-11,13405.8,1154.93,1.95,0.558126,229.37,1.0,355.59,32.79,1007.88,108.29,1.31,646.6,25.26,102.25,0.58102,0.011469
2018-01-10,14973.3,1255.82,1.97,0.56693,250.52,1.0,407.74,36.95,1106.36,122.99,1.45,721.4,29.19,113.6,0.6336229999999999,0.013102
2018-01-09,14595.4,1299.74,2.1,0.585653,247.04,1.01,413.33,38.32,1111.86,126.94,1.54,672.78,29.91,116.79,0.688537,0.01342
2018-01-08,15170.1,1148.53,2.46,0.629323,255.76,1.01,405.07,34.19,1087.75,102.38,1.65,695.49,31.3,112.0,0.764256,0.015045
2018-01-07,16477.6,1153.17,3.38,0.699645,288.45,1.0,459.33,40.79,1285.43,102.43,1.84,880.76,34.11,114.4,0.81719,0.017088
2018-01-06,17527.0,1041.68,3.09,0.7099449999999999,296.45,1.01,452.77,38.42,1265.03,100.86,1.65,764.26,31.24,114.54,0.833124,0.014863
2018-01-05,17429.5,997.72,3.05,0.662712,249.27,0.998634,384.94,36.2,1152.41,95.28,1.59,588.85,24.16,109.95,0.775645,0.012167
2018-01-04,15599.2,980.92,3.2,0.72405,241.37,1.0,403.05,36.32,1229.79,99.11,1.64,595.19,21.46,110.72,0.843038,0.009644
2018-01-03,15201.0,962.72,3.11,0.896227,245.37,1.01,412.06,34.86,1170.74,105.56,1.79,581.89,21.0,107.12,0.891892,0.00932
2018-01-02,14982.1,884.44,2.48,0.564766,255.68,1.0,383.42,34.92,1217.72,90.33,1.16,583.51,21.95,108.33,0.792659,0.009145
2018-01-01,13657.2,772.64,2.39,0.480008,229.03,1.01,358.99,34.17,1053.98,78.82,1.04,577.19,21.13,109.01,0.7685350000000001,0.008909
2017-12-31,14156.4,756.73,2.3,0.360756,232.1,1.01,349.03,28.0,1051.68,75.96,1.03,505.51,20.41,95.96,0.657628,0.008971999999999999
2017-12-30,12952.2,717.26,2.16,0.323202,218.96,1.02,330.8,26.92,1011.47,72.4,0.926883,486.45,19.43,84.94,0.64569,0.007859999999999999
2017-12-29,14656.2,753.59,2.21,0.322941,245.5,1.01,377.37,30.03,1147.95,73.9,1.06,571.9,22.75,99.72,0.5814699999999999,0.009391
2017-12-28,14606.5,737.02,1.43,0.223544,249.93,1.01,378.9,29.53,1160.57,65.43,0.909741,507.27,23.05,89.19,0.51063,0.008486
2017-12-27,15838.5,762.84,1.4,0.22922399999999998,272.17,1.0,421.85,32.14,1189.89,66.88,0.944464,554.07,24.02,95.87,0.5664939999999999,0.008872
2017-12-26,16099.8,773.84,1.19,0.226018,286.5,1.0,381.54,32.9,1222.83,65.52,0.9883799999999999,573.98,25.26,94.75,0.57785,0.009411
2017-12-25,14026.6,765.83,1.12,0.22851100000000002,273.39,1.01,360.78,32.35,1175.89,66.32,1.01,558.84,23.86,91.39,0.617005,0.008931
2017-12-24,13925.8,694.15,1.04,0.22445,275.98,1.02,337.06,30.78,1184.69,59.7,1.04,532.5,20.02,89.72,0.558068,0.008582
2017-12-23,14699.2,719.39,1.17,0.234179,288.27,1.05,382.04,32.72,1275.5,58.9,0.9271659999999999,594.61,20.71,85.4,0.55993,0.007259000000000001
2017-12-22,13831.8,674.86,1.14,0.21671700000000002,264.93,1.02,346.11,30.96,1179.01,55.57,0.816177,536.68,19.5,76.63,0.49081099999999994,0.0060539999999999995
2017-12-21,15802.9,821.06,1.19,0.2572,317.46,1.01,417.98,42.1,1434.82,71.37,0.998102,651.49,24.17,93.82,0.586835,0.007425
2017-12-20,16624.6,819.09,0.775964,0.252386,314.62,1.0,469.2,44.05,1550.85,75.62,0.9189959999999999,675.55,19.57,95.52,0.628286,0.006661
2017-12-19,17776.7,826.82,0.791257,0.26431,350.25,1.01,377.24,40.27,1186.63,70.81,0.9429620000000001,613.91,16.81,91.44,0.46327299999999993,0.005666
2017-12-18,19114.2,794.65,0.778407,0.276283,358.34,1.01,381.51,39.4,1167.12,77.22,0.8461930000000001,596.16,17.02,92.64,0.44176000000000004,0.0064329999999999995
2017-12-17,19140.8,719.97,0.728366,0.266621,318.72,1.01,351.37,34.79,1105.92,68.11,0.6878270000000001,537.18,13.43,85.46,0.378112,0.005984000000000001
2017-12-16,19497.4,696.21,0.758642,0.232125,298.97,1.01,327.32,34.78,1001.51,49.81,0.657999,469.64,10.48,83.97,0.446008,0.005933
2017-12-15,17706.9,684.45,0.756181,0.19586199999999998,299.78,1.02,312.32,32.09,900.52,47.99,0.5926819999999999,467.15,10.22,71.91,0.354883,0.0037619999999999997
2017-12-14,16564.0,695.82,0.8642629999999999,0.188907,279.33,1.01,325.21,31.96,941.1,50.62,0.610045,510.91,10.72,73.72,0.330216,0.0037090000000000005
2017-12-13,16408.2,702.77,0.471063,0.149342,302.6,1.03,305.74,29.72,886.89,44.81,0.523858,414.69,9.51,72.99,0.234994,0.003461
2017-12-12,17415.4,651.43,0.373541,0.156444,316.16,1.08,308.07,30.32,932.03,40.41,0.534018,373.03,9.35,71.61,0.213373,0.003304
2017-12-11,16936.8,515.14,0.251691,0.144956,214.2,1.02,279.67,27.64,765.4,35.88,0.49053,319.96,8.17,57.8,0.179253,0.002798
2017-12-10,15455.4,441.72,0.237333,0.11926300000000001,148.66,1.02,245.33,26.51,688.67,33.31,0.393966,291.1,7.94,56.19,0.169324,0.002547
2017-12-09,15178.2,473.5,0.24470799999999998,0.135122,155.24,1.02,262.53,29.09,723.61,35.71,0.445482,316.63,8.21,53.53,0.178565,0.002617
2017-12-08,16569.4,456.03,0.252125,0.13726,124.85,1.02,276.74,30.05,726.67,36.27,0.6394489999999999,328.08,8.06,56.87,0.184835,0.002779
2017-12-07,17899.7,434.41,0.222823,0.133046,98.29,1.03,280.86,26.82,697.9,34.86,0.236283,308.39,7.36,50.29,0.17408800000000002,0.0027199999999999998
2017-12-06,14291.5,428.59,0.232544,0.151622,100.35,1.01,278.68,27.86,700.07,35.16,0.270295,338.87,8.49,50.4,0.17605099999999999,0.002663
2017-12-05,11916.7,463.28,0.24610100000000001,0.12352300000000001,102.4,1.0,269.48,30.39,756.36,38.82,0.301329,323.39,9.94,56.06,0.17042100000000002,0.002479
2017-12-04,11657.2,470.2,0.253571,0.09761,104.24,1.0,210.24,30.4,774.01,42.17,0.285884,330.51,8.77,58.27,0.178372,0.002463
2017-12-03,11323.2,465.85,0.252558,0.089035,101.26,1.0,200.05,30.46,768.88,36.62,0.275915,322.81,7.74,53.74,0.144446,0.002223
2017-12-02,11074.6,463.45,0.255492,0.093816,100.28,0.999654,203.03,30.8,778.43,35.07,0.252322,329.3,7.7,55.41,0.137244,0.002149
2017-12-01,10975.6,466.54,0.25569899999999995,0.089883,99.0,1.01,190.94,31.2,797.53,35.84,0.239571,335.98,7.73,58.41,0.147392,0.002148
2017-11-30,10233.6,447.11,0.25087800000000005,0.072871,88.33,1.01,180.14,28.19,786.93,32.96,0.226677,308.49,7.5,56.64,0.13571,0.002079
2017-11-29,9888.61,427.52,0.24306399999999997,0.064424,85.57,0.990606,168.15,25.42,677.4,32.28,0.218286,306.07,6.9,48.94,0.13558699999999999,0.0020800000000000003
2017-11-28,10058.8,472.9,0.299152,0.081415,96.03,1.0,203.21,33.98,626.42,38.08,0.24868200000000001,371.24,7.79,56.0,0.175528,0.002363
2017-11-27,9818.35,480.36,0.253927,0.05984299999999999,91.6,1.0,173.39,25.75,632.3,40.13,0.226282,347.51,7.89,60.04,0.151971,0.0019879999999999997
2017-11-26,9330.55,471.33,0.24881799999999998,0.048895999999999995,85.93,1.01,163.37,22.22,621.62,38.44,0.21388600000000002,340.14,7.51,61.73,0.136213,0.002026
2017-11-25,8790.92,466.28,0.252393,0.043639,88.82,1.01,168.44,21.71,643.57,38.13,0.218506,344.7,8.04,49.96,0.133966,0.002072
2017-11-24,8253.69,474.91,0.244642,0.040193,77.97,1.0,160.03,21.45,566.64,34.79,0.20910900000000002,346.36,7.89,48.18,0.13427,0.0019079999999999998
2017-11-23,8038.77,410.17,0.242402,0.040535,73.22,0.9946309999999999,158.61,18.23,566.68,34.9,0.20143699999999998,311.55,7.49,42.97,0.139836,0.001891
2017-11-22,8253.55,380.65,0.23885900000000002,0.042299,71.89,1.0,165.95,17.99,578.85,35.86,0.20389100000000002,319.73,8.57,40.42,0.137132,0.001823
2017-11-21,8071.26,360.4,0.233271,0.037668,70.03,0.9960469999999999,141.74,17.8,494.21,34.36,0.20271199999999998,290.64,9.68,34.14,0.14388900000000002,0.001389
2017-11-20,8200.64,366.73,0.23875900000000003,0.038120999999999995,72.25,1.0,135.76,18.39,486.54,35.64,0.21304099999999998,302.17,9.77,34.04,0.126175,0.001394
2017-11-19,8036.49,354.39,0.231016,0.036566,71.59,1.0,129.48,17.92,442.31,39.75,0.20194700000000002,299.33,9.74,35.06,0.102424,0.001376
2017-11-18,7790.15,347.61,0.228627,0.036583,69.64,1.0,130.8,17.72,454.74,42.74,0.196271,298.15,9.28,34.82,0.100355,0.001373
2017-11-17,7708.99,332.39,0.226581,0.035572,67.57,1.0,126.7,17.24,424.98,40.5,0.192635,291.19,8.28,32.04,0.09246599999999999,0.0013130000000000001
2017-11-16,7871.69,330.92,0.227107,0.037233999999999996,71.06,1.0,120.31,16.88,418.18,28.7,0.196787,294.91,8.41,32.64,0.083372,0.00139
2017-11-15,7315.54,333.36,0.212956,0.037052999999999996,63.82,1.0,121.37,17.55,424.41,29.35,0.193879,290.57,8.45,34.35,0.089525,0.0013390000000000001
2017-11-14,6635.75,337.63,0.209825,0.036374000000000004,62.68,1.01,122.35,17.87,427.54,29.73,0.194469,271.44,7.1,34.32,0.083756,0.001184
2017-11-13,6559.49,316.72,0.203442,0.030656,61.4,1.01,123.4,16.11,427.37,28.4,0.192662,265.45,6.34,31.79,0.081149,0.0012109999999999998
2017-11-12,5950.07,307.91,0.19733900000000001,0.028182,59.01,1.01,123.86,15.18,536.12,26.96,0.18040599999999998,288.67,5.5,29.42,0.079113,0.001038
2017-11-11,6357.6,314.68,0.21043,0.033053,62.3,1.01,119.62,19.42,346.06,28.53,0.192428,253.6,5.78,30.71,0.082099,0.001201
2017-11-10,6618.14,299.25,0.206483,0.033073000000000005,59.26,1.01,105.59,14.6,329.57,28.18,0.192903,237.88,5.64,30.27,0.074902,0.001163
2017-11-09,7143.58,320.88,0.21748800000000001,0.039945999999999995,64.27,1.01,120.78,14.21,326.01,31.9,0.22092699999999998,262.0,6.45,33.06,0.082825,0.001415
2017-11-08,7459.69,309.07,0.217437,0.033763,62.57,1.01,113.32,14.02,316.33,30.67,0.19429200000000002,250.6,6.05,31.58,0.067927,0.001222
2017-11-07,7144.38,294.66,0.21035399999999999,0.030699,61.3,1.01,99.76,13.92,293.38,26.23,0.18024600000000002,240.87,5.19,29.33,0.065026,0.0011769999999999999
2017-11-06,7022.76,298.89,0.20599,0.02888,55.17,1.0,102.92,14.33,275.68,26.32,0.186642,228.7,4.59,28.8,0.059709000000000005,0.0011539999999999999
2017-11-05,7407.41,296.26,0.20205499999999998,0.026764999999999997,54.75,0.9988,86.35,13.24,273.17,26.38,0.180309,225.35,4.44,29.04,0.059444000000000004,0.001182
2017-11-04,7379.95,300.47,0.20375,0.027294,55.04,1.0,87.3,11.89,274.68,26.49,0.170845,230.39,4.59,28.93,0.059235,0.001189
2017-11-03,7207.76,305.71,0.20813299999999998,0.027779,56.18,1.01,87.99,12.66,278.59,26.82,0.171728,232.63,4.54,27.61,0.056713,0.001121
2017-11-02,7078.5,287.43,0.20586100000000002,0.027607,54.74,1.0,83.76,10.24,265.3,24.5,0.16688699999999998,218.16,4.33,24.81,0.057189,0.001151
2017-11-01,6767.31,291.69,0.194124,0.027353,53.18,1.0,85.72,10.26,271.56,26.86,0.16664500000000002,222.41,4.51,26.89,0.06382,0.0011380000000000001
2017-10-31,6468.4,305.88,0.200558,0.029182,55.75,1.0,87.64,10.62,279.15,28.47,0.186771,233.01,4.74,28.4,0.07322200000000001,0.001124
2017-10-30,6130.53,307.75,0.202711,0.031804,56.39,1.0,88.84,10.87,285.95,28.79,0.200415,241.22,4.93,30.25,0.056902999999999995,0.001151
2017-10-29,6153.85,305.09,0.202785,0.030331,57.11,1.0,88.65,10.86,283.93,27.76,0.201337,234.33,4.88,29.35,0.054771,0.001173
2017-10-28,5753.09,296.3,0.201835,0.031038,54.69,1.0,86.31,10.55,275.68,27.35,0.197236,231.07,4.68,30.96,0.051667,0.001037
2017-10-27,5780.9,297.42,0.202785,0.034236,55.33,1.0,86.75,10.39,280.48,28.76,0.19794,244.52,4.96,29.72,0.052926,0.001052
2017-10-26,5904.83,296.53,0.203628,0.034546,55.74,0.999868,88.58,10.5,286.14,28.33,0.199005,233.67,5.18,30.22,0.052257000000000005,0.001051
2017-10-25,5750.8,297.92,0.204604,0.035004,56.49,1.0,88.13,10.63,289.14,28.54,0.20649499999999998,217.69,5.2,35.0,0.052289999999999996,0.001056
2017-10-24,5526.64,298.33,0.206644,0.036649,55.96,1.0,88.4,10.6,293.2,30.15,0.21261599999999997,216.04,5.53,27.59,0.053069000000000005,0.001092
2017-10-23,5930.32,286.95,0.196928,0.033832,54.92,0.9965360000000001,85.21,10.28,284.23,27.51,0.199053,206.52,4.71,23.48,0.049859,0.001016
2017-10-22,6008.42,295.45,0.204177,0.031269,56.81,1.0,86.58,10.83,275.7,28.79,0.21194899999999997,213.73,4.74,26.1,0.05260700000000001,0.001023
2017-10-21,6031.6,300.19,0.21101599999999998,0.036429,58.2,1.0,88.12,10.92,277.86,27.13,0.21267600000000003,212.46,4.71,24.79,0.054016999999999996,0.001007
2017-10-20,6011.45,304.01,0.210549,0.026757,60.33,1.0,90.54,11.22,289.19,27.75,0.21594699999999997,222.52,4.93,24.82,0.049977,0.00105
2017-10-19,5708.52,308.09,0.21515,0.031195,59.74,1.0,88.62,11.34,295.47,28.66,0.220531,230.07,4.98,26.97,0.05230800000000001,0.001064
2017-10-18,5590.69,314.32,0.21852,0.035133,60.73,1.0,89.54,11.53,297.27,29.67,0.22031599999999998,229.3,5.14,27.4,0.056197000000000004,0.001047
2017-10-17,5605.51,317.08,0.232064,0.045842,59.48,0.9993350000000001,91.28,11.92,299.89,31.4,0.218207,231.28,5.1,28.85,0.05519500000000001,0.001067
2017-10-16,5725.59,333.38,0.256232,0.036864999999999995,64.62,0.9980100000000001,95.9,11.89,302.21,28.53,0.223181,233.01,4.96,27.23,0.056208,0.001164
2017-10-15,5678.19,336.6,0.26398299999999997,0.018925,65.47,0.999242,94.87,11.95,309.51,27.73,0.2073,232.63,4.91,27.75,0.050607,0.001106
2017-10-14,5831.79,339.63,0.25732,0.017522,63.95,0.9997090000000001,100.23,12.26,316.7,27.8,0.210581,240.89,4.79,28.15,0.051105000000000005,0.0011099999999999999
2017-10-13,5647.21,338.76,0.26048899999999997,0.01796,59.43,1.0,95.13,12.18,310.38,29.35,0.211569,240.05,4.9,27.59,0.053578,0.001066
2017-10-12,5446.91,304.14,0.248414,0.017784,60.11,0.997423,87.09,11.96,291.91,28.18,0.20614699999999997,227.0,4.98,28.86,0.049118,0.001062
2017-10-11,4826.48,303.46,0.264439,0.01945,50.89,0.998625,87.42,11.49,298.4,29.96,0.214811,236.13,5.36,27.84,0.049041,0.001046
2017-10-10,4781.99,299.87,0.260733,0.018953,50.72,0.999441,86.82,11.54,291.27,29.31,0.209909,235.65,4.92,27.84,0.048050999999999996,0.001036
2017-10-09,4772.02,297.39,0.251825,0.017601,50.16,0.9997799999999999,85.49,11.5,283.67,29.1,0.194931,229.49,4.7,26.59,0.04389,0.000991
2017-10-08,4610.48,308.61,0.279944,0.018598,53.14,0.998442,89.77,12.12,302.48,32.07,0.19480699999999998,241.06,4.66,27.22,0.053515999999999994,0.001056
2017-10-07,4426.89,311.12,0.23861,0.020959000000000002,52.58,0.9993200000000001,91.7,12.28,310.49,36.14,0.212189,253.98,5.19,29.88,0.057954,0.001066
2017-10-06,4370.81,308.59,0.234039,0.018403,52.12,1.0,91.19,12.34,306.88,33.52,0.21132399999999998,257.61,5.34,30.51,0.060176,0.001056
2017-10-05,4328.41,295.86,0.23701599999999998,0.014575999999999999,51.67,1.0,91.86,11.95,305.4,32.28,0.21107199999999998,254.82,5.41,30.34,0.059119000000000005,0.001001
2017-10-04,4229.36,292.66,0.21477399999999996,0.011851,51.4,1.0,90.41,11.97,305.46,31.16,0.21845599999999998,237.91,5.53,30.78,0.053454999999999996,0.001024
2017-10-03,4317.48,292.46,0.203318,0.012404,52.35,1.0,92.96,12.41,296.23,33.61,0.22274000000000002,252.94,5.7,31.66,0.061949000000000004,0.001108
2017-10-02,4409.32,297.48,0.202676,0.012962000000000001,53.38,1.0,91.54,12.44,308.68,36.74,0.23144099999999998,257.6,5.42,34.21,0.078187,0.001085
2017-10-01,4403.74,302.34,0.20653200000000002,0.013687999999999999,54.54,0.9999239999999999,93.22,12.74,315.8,35.72,0.24618,263.94,5.51,33.1,0.081689,0.001084
2017-09-30,4338.71,301.46,0.197529,0.013858,55.14,0.9964879999999999,95.76,12.98,327.14,34.21,0.23516199999999998,277.53,5.82,34.58,0.085699,0.001145
2017-09-29,4163.07,291.47,0.193606,0.013203999999999999,52.62,0.999863,94.5,12.52,327.7,28.64,0.237538,290.12,5.7,34.14,0.082354,0.001082
2017-09-28,4174.73,299.15,0.196131,0.013863,54.09,1.0,97.23,12.73,338.25,29.76,0.23826799999999998,310.6,5.99,34.66,0.087078,0.00108
2017-09-27,4200.67,306.47,0.203299,0.014378,56.28,1.0,101.04,12.65,346.43,31.79,0.24330100000000002,285.36,6.32,36.1,0.088603,0.001173
2017-09-26,3892.35,287.44,0.186119,0.012388,51.55,1.0,93.13,11.24,339.1,26.38,0.22864600000000002,231.47,6.13,33.46,0.079328,0.001151
2017-09-25,3926.07,292.33,0.18148699999999998,0.012073,51.58,1.0,93.64,10.86,345.09,26.02,0.232506,230.77,6.15,34.96,0.08105599999999999,0.001141
2017-09-24,3682.84,282.48,0.175787,0.011563,47.62,1.0,89.5,10.44,331.85,19.79,0.21615399999999999,205.63,5.75,33.72,0.06955399999999999,0.000892
2017-09-23,3792.4,286.17,0.17788199999999998,0.011895999999999999,49.27,1.0,91.85,10.61,350.79,20.18,0.222205,204.21,5.98,37.54,0.07059700000000001,0.0009539999999999999
2017-09-22,3630.7,264.31,0.17351,0.010776,48.09,1.0,88.17,10.26,346.58,18.69,0.210635,195.84,5.75,31.13,0.069211,0.000772
2017-09-21,3631.04,258.58,0.171754,0.0106,46.61,1.0,86.24,10.07,330.05,17.45,0.210871,175.65,5.39,31.98,0.069107,0.000755
2017-09-20,3905.95,283.74,0.182078,0.012236,51.73,1.0,95.57,11.25,342.43,19.75,0.231746,187.86,6.06,36.07,0.079108,0.0008619999999999999
2017-09-19,3924.97,282.8,0.184041,0.011795,52.84,1.0,97.72,11.48,324.26,19.94,0.237664,188.3,6.2,32.4,0.079411,0.0008900000000000001
2017-09-18,4065.2,293.5,0.18976800000000002,0.013455000000000002,55.53,1.0,100.57,11.79,333.0,21.22,0.248516,193.16,6.74,30.94,0.089771,0.000947
2017-09-17,3582.88,251.75,0.178393,0.011211,48.49,1.01,93.74,10.02,313.84,19.86,0.204067,174.18,5.57,29.79,0.071629,0.0008529999999999999
2017-09-16,3625.04,246.52,0.179082,0.011699,48.26,1.0,95.29,9.93,298.86,20.76,0.207831,172.46,5.56,30.89,0.07231599999999999,0.000867
2017-09-15,3637.52,250.46,0.181358,0.012097,48.21,1.01,99.85,10.24,284.36,18.74,0.211752,181.06,5.58,29.7,0.075739,0.000865
2017-09-14,3154.95,213.91,0.164167,0.011038,41.58,1.0,83.04,9.13,236.24,15.69,0.16425399999999998,158.88,4.36,23.83,0.07637999999999999,0.0008539999999999999
2017-09-13,3882.59,277.11,0.20077799999999998,0.015328,61.73,1.0,111.33,14.11,301.29,20.06,0.233825,197.22,6.57,26.73,0.113004,0.001398
2017-09-12,4130.81,291.46,0.20930300000000002,0.016324,64.23,1.01,111.89,14.44,325.97,20.97,0.249074,207.77,7.02,27.73,0.120208,0.00144
2017-09-11,4161.27,294.53,0.214441,0.016993,66.04,1.0,112.75,14.61,318.4,21.88,0.25202600000000003,208.77,6.7,29.01,0.11317,0.001463
2017-09-10,4122.94,288.75,0.213031,0.016269,61.61,1.01,112.33,13.66,320.11,22.75,0.256975,212.91,6.57,28.69,0.101345,0.001395
2017-09-09,4226.06,294.4,0.209995,0.017095,66.01,1.0,116.27,14.89,323.14,21.96,0.267264,213.79,6.9,30.4,0.111051,0.001568
2017-09-08,4228.75,296.5,0.21151799999999998,0.017447,67.79,1.01,118.04,15.2,333.21,24.86,0.26864099999999996,213.99,6.91,31.53,0.110796,0.001596
2017-09-07,4599.88,329.43,0.22364,0.020096,78.48,1.0,120.84,17.81,343.91,30.78,0.293376,247.32,7.48,33.93,0.14266099999999998,0.001928
2017-09-06,4597.12,334.34,0.22618600000000003,0.020346,80.11,1.01,121.63,19.02,347.17,21.36,0.30194099999999996,247.01,6.96,34.74,0.16014,0.002019
2017-09-05,4376.53,312.99,0.215189,0.018567,71.29,1.0,118.82,16.58,327.23,22.8,0.286227,226.88,6.08,34.08,0.122084,0.0019079999999999998
2017-09-04,4236.31,295.17,0.20496799999999998,0.017625,65.21,1.03,106.17,15.84,316.13,21.83,0.27321999999999996,218.35,5.86,32.27,0.110996,0.001786
2017-09-03,4582.96,347.48,0.22881100000000001,0.021296000000000002,76.84,1.0,126.01,18.57,356.39,30.32,0.307264,260.09,7.08,36.64,0.14144,0.002153
2017-09-02,4578.77,348.98,0.226669,0.020837,79.02,1.02,124.8,20.08,350.17,31.72,0.29588400000000004,254.03,6.72,36.33,0.148976,0.002226
2017-09-01,4892.01,387.74,0.248479,0.023954,86.04,1.0,141.2,21.94,393.35,32.01,0.33231,305.11,7.41,41.35,0.169329,0.002543
2017-08-31,4703.39,383.04,0.25563,0.022405,71.06,1.0,140.41,16.38,378.32,33.16,0.337213,283.29,7.09,38.09,0.147028,0.002064
2017-08-30,4565.3,378.48,0.228006,0.021224,64.17,1.0,132.38,15.66,368.34,33.1,0.295817,271.64,5.95,38.4,0.144718,0.002105
2017-08-29,4579.02,370.67,0.21856399999999998,0.020104,63.17,1.0,133.04,15.79,359.55,33.66,0.283717,270.3,6.03,35.39,0.140929,0.0018670000000000002
2017-08-28,4382.66,347.75,0.22450799999999999,0.020525,62.36,1.0,145.4,15.79,356.78,38.45,0.27825700000000003,274.62,6.31,39.82,0.139928,0.001825
2017-08-27,4382.88,347.89,0.202995,0.019785,61.16,1.0,130.68,16.02,362.89,40.09,0.27464099999999997,273.37,6.86,41.21,0.13761600000000002,0.00176
2017-08-26,4352.4,333.88,0.212577,0.021208,51.75,0.9989319999999999,138.05,15.29,399.85,38.59,0.268393,294.65,5.65,38.53,0.137325,0.001778
2017-08-25,4371.6,331.92,0.21782800000000002,0.020497,51.18,1.0,108.26,15.28,315.89,40.3,0.270482,237.86,4.32,34.53,0.137379,0.00179
2017-08-24,4334.68,325.61,0.21895799999999999,0.019024,50.19,1.0,86.29,15.14,315.37,42.05,0.26551199999999997,228.11,3.67,31.16,0.136287,0.001816
2017-08-23,4151.52,317.52,0.246827,0.020222,53.25,1.0,90.33,15.29,292.57,40.0,0.24960300000000002,228.3,3.05,26.32,0.137956,0.001732
2017-08-22,4100.52,314.79,0.23928600000000003,0.021624,46.73,1.01,91.16,14.39,291.5,35.85,0.254089,227.71,2.91,25.96,0.132207,0.001716
2017-08-21,4001.74,321.59,0.191918,0.019753,47.94,0.9992629999999999,77.82,14.56,279.58,35.3,0.252456,239.06,2.71,27.41,0.129772,0.0017120000000000002
2017-08-20,4087.66,301.43,0.158735,0.017631,46.23,0.9966290000000001,54.71,13.89,294.2,38.19,0.271441,241.07,3.4,26.28,0.13231400000000001,0.001707
2017-08-19,4193.7,297.47,0.155057,0.016513,45.48,1.0,55.96,13.7,288.7,39.97,0.256137,233.34,2.85,27.92,0.126344,0.001678
2017-08-18,4160.62,295.59,0.158883,0.016842,47.28,1.01,46.69,13.81,224.28,38.85,0.24324400000000002,201.01,2.01,23.88,0.128149,0.001678
2017-08-17,4331.69,301.46,0.157498,0.017327000000000002,43.91,1.01,47.45,13.93,233.62,40.69,0.244955,208.95,2.08,24.47,0.134528,0.0017100000000000001
2017-08-16,4376.63,302.27,0.160431,0.017702000000000002,44.15,1.0,48.78,14.19,232.02,45.54,0.25801199999999996,216.75,2.24,26.27,0.14180399999999999,0.0017739999999999998
2017-08-15,4181.93,289.82,0.161221,0.017433,43.31,1.0,48.74,13.69,203.52,47.49,0.247928,212.17,2.17,30.02,0.150118,0.001738
2017-08-14,4325.13,300.1,0.169991,0.017622,45.8,0.9981629999999999,49.75,14.08,199.44,47.43,0.256048,210.23,2.28,23.32,0.148383,0.0017620000000000001
2017-08-13,4073.26,298.06,0.16809200000000002,0.01825,45.81,0.998616,47.76,14.3,198.17,46.65,0.257339,214.3,2.24,25.59,0.15724000000000002,0.001807
2017-08-12,3884.71,310.6,0.173853,0.020218,46.43,1.0,49.37,14.81,205.49,36.61,0.27808499999999997,223.31,2.34,26.59,0.17185599999999998,0.0018559999999999998
2017-08-11,3650.62,308.86,0.179307,0.021480000000000003,47.1,1.0,50.65,15.17,205.79,33.5,0.295213,234.37,2.19,26.74,0.190209,0.0018800000000000002
2017-08-10,3381.28,295.89,0.180399,0.022007,46.5,0.992991,49.47,15.19,200.96,36.18,0.294135,230.4,2.18,28.2,0.159937,0.0018960000000000001
2017-08-09,3342.47,296.03,0.182947,0.022996,48.01,1.0,50.96,15.38,199.21,21.75,0.279883,242.9,2.28,29.47,0.151685,0.0019370000000000001
2017-08-08,3419.94,296.77,0.19258599999999998,0.023737,48.63,1.0,51.94,15.88,203.85,18.27,0.27514299999999997,245.48,2.36,31.68,0.159335,0.001961
2017-08-07,3378.94,269.18,0.179021,0.022195,45.8,0.9962540000000001,50.21,15.31,197.19,18.68,0.280321,208.64,2.14,30.51,0.155597,0.0019489999999999998
2017-08-06,3213.94,261.57,0.180444,0.022701,45.1,1.0,47.83,15.35,189.13,15.21,0.24831799999999998,206.3,2.16,30.58,0.152057,0.0019089999999999999
2017-08-05,3252.91,256.51,0.18473699999999998,0.023984000000000002,46.86,0.9983139999999999,48.58,15.93,193.83,14.02,0.228656,207.52,2.18,30.49,0.169715,0.0020870000000000003
2017-08-04,2895.89,223.07,0.173743,0.022241,43.45,1.0,45.12,15.04,186.97,10.43,0.22424000000000002,186.76,2.08,28.32,0.153309,0.00182
2017-08-03,2804.73,225.34,0.174612,0.01886,42.86,0.969304,43.36,15.37,186.99,10.67,0.22689,186.84,2.08,28.58,0.141693,0.001795
2017-08-02,2710.67,219.95,0.17311300000000002,0.018413,42.13,1.0,43.63,14.77,182.93,8.11,0.219719,189.14,2.07,29.29,0.135829,0.0017879999999999999
2017-08-01,2718.26,226.77,0.177053,0.017933,43.04,0.996819,44.15,14.57,184.75,7.86,0.181054,192.35,2.05,29.35,0.13034400000000002,0.0017920000000000002
2017-07-31,2875.34,203.87,0.16738599999999998,0.016094999999999998,43.02,1.0,39.84,14.0,178.51,7.33,0.165068,176.32,1.93,28.73,0.124089,0.001718
2017-07-30,2757.18,197.98,0.165082,0.015984,40.42,0.998868,39.62,13.81,172.82,7.15,0.1605,175.42,1.79,26.3,0.12582100000000002,0.001719
2017-07-29,2726.45,205.79,0.169871,0.017447,41.12,0.996619,43.89,14.4,185.25,7.26,0.17019700000000001,189.29,1.87,30.02,0.133552,0.001768
2017-07-28,2809.01,193.12,0.165937,0.016961,40.61,1.0,43.96,14.16,185.61,7.09,0.165774,178.05,1.84,23.2,0.132606,0.001782
2017-07-27,2671.78,204.32,0.173457,0.018322,42.14,0.997275,45.24,14.66,194.09,7.72,0.170475,185.9,1.96,25.17,0.139318,0.0018559999999999998
2017-07-26,2529.45,203.95,0.173822,0.018878,42.23,0.9969549999999999,45.8,14.77,194.37,7.17,0.15646300000000002,190.08,1.96,25.82,0.135242,0.0018100000000000002
2017-07-25,2576.48,206.71,0.17810399999999998,0.018550999999999998,42.24,0.9998020000000001,40.68,14.92,195.52,7.35,0.15820599999999999,184.19,2.04,25.9,0.134935,0.001773
2017-07-24,2754.86,224.71,0.192002,0.022605,44.41,0.9939969999999999,45.58,15.88,204.02,8.46,0.16964400000000002,206.82,2.22,28.41,0.170034,0.00198
2017-07-23,2730.4,225.95,0.19505799999999998,0.021769,44.06,0.997761,42.67,15.78,191.03,8.57,0.16613599999999998,214.42,2.11,28.48,0.17123,0.001972
2017-07-22,2810.12,229.48,0.19332,0.022877,46.56,0.9932,44.71,16.51,195.31,8.62,0.176768,216.1,2.28,30.02,0.184828,0.002095
2017-07-21,2667.76,218.3,0.182608,0.019201,45.76,0.997202,40.34,16.14,185.86,7.42,0.143792,201.8,1.89,26.87,0.146249,0.001936
2017-07-20,2817.6,227.26,0.18829500000000002,0.018859,45.02,0.986866,40.3,16.06,188.59,7.21,0.152087,206.94,1.95,26.85,0.137125,0.001935
2017-07-19,2273.43,199.7,0.168388,0.017256,40.86,1.0,35.06,14.83,155.65,5.88,0.126825,181.99,1.64,23.3,0.110864,0.001689
2017-07-18,2318.88,234.39,0.188718,0.018666,44.3,0.998216,36.38,16.4,158.07,6.02,0.132327,199.32,1.79,24.72,0.125388,0.001864
2017-07-17,2228.41,193.42,0.17788900000000002,0.018614,42.67,0.9968879999999999,34.83,15.5,153.85,5.77,0.133729,182.51,1.76,24.42,0.10693299999999999,0.0015199999999999999
2017-07-16,1929.82,157.36,0.148056,0.015653999999999998,40.91,0.9991610000000001,29.43,14.18,132.64,5.04,0.097294,165.98,1.4,19.13,0.094878,0.001307
2017-07-15,1998.86,170.65,0.17058900000000002,0.017618,38.92,1.0,32.09,14.77,140.14,5.03,0.111478,160.07,1.4,20.21,0.10263,0.001484
2017-07-14,2233.34,199.66,0.190769,0.016321000000000002,42.8,1.0,35.48,17.55,161.08,5.54,0.117498,177.45,1.56,22.55,0.121278,0.0016809999999999998
2017-07-13,2357.9,209.73,0.200809,0.017351,46.33,1.0,38.23,18.36,171.24,6.29,0.12295299999999999,191.15,1.77,25.67,0.131762,0.001823
2017-07-12,2398.84,230.77,0.205354,0.017907,48.75,0.9974559999999999,40.39,19.94,179.89,6.63,0.13384100000000002,211.24,1.76,28.19,0.145868,0.0019379999999999998
2017-07-11,2337.79,197.4,0.18501900000000002,0.014518000000000001,45.33,1.01,37.14,14.72,165.73,5.4,0.11930299999999999,178.37,1.45,25.44,0.123521,0.001779
2017-07-10,2372.56,215.36,0.203165,0.015137000000000001,46.58,1.01,40.01,15.48,174.4,6.03,0.132048,198.73,1.63,24.58,0.141495,0.001952
2017-07-09,2518.44,242.14,0.23341599999999998,0.019499000000000002,49.58,1.01,44.85,16.26,195.64,6.9,0.15299300000000002,241.43,2.07,33.11,0.1698,0.00233
2017-07-08,2571.34,251.7,0.236134,0.021597,52.14,0.999725,46.1,16.99,209.2,7.45,0.158505,248.86,2.22,36.88,0.191866,0.00244
2017-07-07,2518.66,245.99,0.23948000000000003,0.020415,46.58,1.01,44.25,16.75,196.46,6.77,0.156905,248.73,2.28,29.89,0.18854200000000002,0.002397
2017-07-06,2608.56,270.55,0.254641,0.025418,51.13,1.0,50.12,17.91,213.17,7.84,0.16930699999999999,287.81,2.52,35.16,0.217133,0.002636
2017-07-05,2601.99,268.77,0.256523,0.025441,53.19,0.99646,45.72,17.77,209.48,8.03,0.174562,283.01,2.48,37.33,0.230054,0.0027140000000000003
2017-07-04,2601.64,273.3,0.254709,0.02575,55.33,0.998828,45.47,18.05,183.06,7.78,0.18835,282.21,2.53,36.26,0.237508,0.002518
2017-07-03,2564.06,282.9,0.259959,0.026266,46.43,1.0,43.63,17.85,180.79,8.22,0.176653,291.56,2.47,31.86,0.24813600000000002,0.0025329999999999997
2017-07-02,2506.47,287.99,0.259449,0.025706,41.57,1.02,42.79,17.91,173.49,8.1,0.15931099999999998,301.88,2.57,29.8,0.21429099999999998,0.0024809999999999997
2017-07-01,2434.55,274.6,0.254744,0.024465999999999998,38.99,1.02,40.96,17.81,165.71,7.95,0.145722,290.37,2.3,29.21,0.22789099999999998,0.0026449999999999998
2017-06-30,2480.84,294.92,0.26293,0.026987999999999998,40.35,1.01,43.73,18.92,181.77,8.73,0.159532,307.12,2.53,32.26,0.248337,0.002602
2017-06-29,2539.32,302.88,0.265421,0.029039,41.07,1.02,45.02,18.66,177.17,9.77,0.163684,324.38,2.71,34.2,0.256396,0.002656
2017-06-28,2574.79,327.93,0.280455,0.031998,42.85,1.01,47.32,19.65,184.13,8.38,0.170694,342.61,2.92,36.09,0.27769499999999997,0.002793
2017-06-27,2552.45,293.09,0.276306,0.029113,40.54,1.01,43.57,19.14,176.02,6.83,0.163454,328.65,2.74,36.26,0.245319,0.002623
2017-06-26,2478.45,272.69,0.27728800000000003,0.030218000000000002,41.13,1.01,43.49,19.58,162.89,5.53,0.162366,304.65,2.8,35.26,0.262872,0.00275
2017-06-25,2589.41,303.25,0.298423,0.033373,43.92,1.01,45.89,21.42,172.88,5.95,0.177182,330.04,3.04,38.81,0.299584,0.002961
2017-06-24,2608.72,323.7,0.31111,0.03821,44.49,1.02,48.03,20.19,182.62,6.3,0.18616,362.57,3.26,43.29,0.314287,0.003135
2017-06-23,2744.91,341.74,0.31997800000000004,0.041397,47.34,1.01,51.41,21.34,189.26,6.84,0.197522,385.84,3.36,45.55,0.330783,0.003143
2017-06-22,2705.41,336.37,0.297848,0.03872,47.71,0.972902,47.28,20.79,177.06,6.94,0.182819,378.56,3.14,43.12,0.30794299999999997,0.003104
2017-06-21,2689.1,336.87,0.29636599999999996,0.038124,47.79,0.981361,46.59,20.7,178.81,10.15,0.19131199999999998,378.22,3.12,37.04,0.31938099999999997,0.003125
2017-06-20,2721.79,359.01,0.324427,0.039366000000000005,47.22,0.9752719999999999,48.08,21.68,187.91,8.0,0.19934300000000002,401.2,3.28,35.71,0.334546,0.003218
2017-06-19,2589.6,370.06,0.296068,0.040251999999999996,50.32,0.9864059999999999,49.09,22.95,201.26,11.72,0.195966,391.89,3.16,40.05,0.325901,0.003141
2017-06-18,2548.29,371.46,0.2846,0.038332,46.04,1.0,49.6,22.07,193.53,5.26,0.198033,376.83,3.13,41.95,0.325842,0.00323
2017-06-17,2655.88,379.41,0.268351,0.039251,47.65,0.988584,50.46,23.27,178.13,3.76,0.20441800000000002,384.86,3.08,31.83,0.34072399999999997,0.003322
2017-06-16,2518.56,370.23,0.26206799999999997,0.037536,35.7,1.02,48.11,18.4,166.25,2.77,0.192579,387.43,3.11,32.57,0.317811,0.003163
2017-06-15,2464.58,361.93,0.259266,0.037439,30.22,1.02,46.02,18.36,163.35,1.78,0.19484300000000002,387.34,3.09,30.18,0.337111,0.003043
2017-06-14,2506.37,359.05,0.278447,0.039827999999999995,30.22,1.03,46.3,18.84,163.21,1.74,0.20150099999999999,387.49,3.35,31.22,0.33056399999999997,0.003092
2017-06-13,2717.02,397.54,0.26615300000000003,0.04186,30.64,1.01,51.8,20.74,183.97,1.81,0.21086300000000002,368.28,3.66,36.87,0.36540900000000004,0.0033130000000000004
2017-06-12,2659.63,401.49,0.25396399999999997,0.039988,29.5,1.02,50.04,20.33,170.78,1.51,0.202731,311.49,3.29,33.73,0.375152,0.0032530000000000002
2017-06-11,2958.11,340.61,0.27275900000000003,0.045915,33.22,1.01,58.7,21.57,188.27,1.67,0.21801700000000002,331.1,3.91,41.05,0.392043,0.0036009999999999996
2017-06-10,2947.71,337.67,0.260874,0.042866,30.44,1.02,52.28,19.66,152.0,1.68,0.202606,328.66,3.58,41.08,0.351983,0.0033130000000000004
2017-06-09,2823.81,281.74,0.286019,0.047356,29.68,1.0,55.62,17.45,148.93,1.55,0.215685,281.13,3.81,42.12,0.26826500000000003,0.003453
2017-06-08,2805.62,261.67,0.28967800000000005,0.05042,30.21,1.0,56.19,17.54,145.03,1.36,0.219575,272.24,3.12,34.66,0.177156,0.003575
2017-06-07,2732.16,258.07,0.279783,0.047098,28.39,1.01,52.54,17.51,140.36,1.28,0.209825,262.79,2.26,32.62,0.105324,0.0033020000000000002
2017-06-06,2863.2,264.47,0.284548,0.045406999999999996,30.55,1.0,55.57,17.49,145.19,1.34,0.233988,259.36,2.09,34.58,0.115772,0.0037409999999999995
2017-06-05,2686.81,248.46,0.294003,0.041507,30.84,1.02,48.26,17.31,144.92,1.28,0.236163,253.03,1.82,35.05,0.10934,0.0038729999999999997
2017-06-04,2511.81,245.33,0.299413,0.039989,27.94,1.01,42.9,17.48,143.35,1.26,0.21556199999999998,239.52,1.41,32.1,0.108851,0.003179
2017-06-03,2515.35,224.38,0.29458,0.039294,27.66,1.02,42.37,16.26,144.29,1.26,0.215075,230.0,1.35,35.21,0.097184,0.003251
2017-06-02,2488.55,223.77,0.303448,0.040226,28.94,1.02,44.0,17.38,145.29,1.35,0.22784400000000002,241.68,1.38,30.7,0.090561,0.003026
2017-06-01,2407.88,222.24,0.33365700000000004,0.043069,28.8,1.03,43.7,16.83,136.08,1.24,0.230595,249.27,1.36,24.95,0.077113,0.002867
2017-05-31,2286.41,230.67,0.24659,0.034273000000000005,25.3,1.04,41.83,17.68,135.97,1.03,0.20206500000000002,235.67,1.2,21.8,0.065332,0.002657
2017-05-30,2175.47,231.91,0.20532399999999998,0.031009,24.14,1.01,39.79,18.54,121.13,1.02,0.186042,232.93,1.1,20.3,0.06425499999999999,0.002623
2017-05-29,2255.61,194.91,0.23206999999999997,0.037044,25.21,1.02,41.21,17.1,117.26,0.966765,0.208717,205.57,1.04,20.83,0.065819,0.002732
2017-05-28,2155.8,170.51,0.229554,0.035364,24.22,1.04,36.84,16.13,108.14,0.930106,0.20812600000000003,196.32,1.05,20.04,0.062077999999999994,0.002579
2017-05-27,2038.87,157.76,0.212549,0.033024,23.74,1.02,33.41,16.26,99.2,0.982348,0.19884000000000002,190.82,1.02,18.9,0.060441999999999996,0.002541
2017-05-26,2202.42,160.4,0.271808,0.041065,23.75,1.04,38.71,14.26,112.94,0.826549,0.182618,197.88,1.08,21.4,0.059636,0.002424
2017-05-25,2304.98,174.45,0.246065,0.040021,29.9,1.04,40.12,16.35,119.63,1.11,0.206736,224.46,1.14,21.92,0.079459,0.002994
2017-05-24,2443.64,190.05,0.29589,0.051364,34.45,1.02,45.38,18.87,144.63,1.76,0.261565,238.6,1.58,24.37,0.093079,0.0036590000000000004
2017-05-23,2320.42,181.95,0.323368,0.0555,32.11,1.01,55.62,11.94,138.07,0.877157,0.2651,239.49,0.98705,22.31,0.094623,0.0035619999999999996
2017-05-22,2173.4,174.26,0.317954,0.051003,25.38,1.01,36.17,9.9,120.73,0.720486,0.259399,203.19,0.836191,20.05,0.086625,0.0034049999999999996
2017-05-21,2041.2,157.94,0.336201,0.060842999999999994,26.3,1.0,34.64,9.4,102.03,0.664141,0.24404099999999998,119.82,0.801484,20.33,0.100298,0.003062
2017-05-20,2084.73,126.52,0.351634,0.053888,27.51,0.993431,35.1,7.41,100.77,0.665485,0.22501500000000002,108.23,0.766393,20.25,0.090412,0.0019
2017-05-19,1987.71,129.53,0.327801,0.049576,27.7,1.0,31.87,7.99,98.98,0.6318600000000001,0.21286300000000002,106.08,0.686646,20.01,0.08076699999999999,0.001518
2017-05-18,1888.65,96.91,0.364869,0.04627,28.36,0.967143,30.33,6.73,89.73,0.539481,0.21493099999999998,94.92,0.615139,21.1,0.060769000000000004,0.001508
2017-05-17,1839.09,89.86,0.39413200000000004,0.048568,25.4,0.9704290000000001,26.93,5.93,83.26,0.531643,0.12035799999999999,92.66,0.563763,21.14,0.048664,0.001318
2017-05-16,1734.45,89.44,0.34986100000000003,0.049368,23.33,0.958591,26.26,6.26,85.59,0.463667,0.1074,90.6,0.512111,15.27,0.04595,0.001059
2017-05-15,1738.43,92.41,0.27071999999999996,0.043552,25.37,0.967298,27.79,6.41,91.49,0.47005699999999995,0.117825,93.57,0.561092,15.55,0.040268,0.0011279999999999999
2017-05-14,1808.91,90.79,0.220223,0.038648,28.89,0.9811059999999999,28.53,6.83,89.8,0.47754300000000005,0.125946,96.7,0.590805,17.16,0.039198000000000004,0.001274
2017-05-13,1804.91,90.84,0.214878,0.037586,28.91,0.973648,28.47,6.14,89.35,0.484544,0.12706199999999998,96.58,0.562754,18.79,0.037301999999999995,0.001184
2017-05-12,1724.24,88.66,0.20606799999999997,0.040706,27.45,0.9760700000000001,28.68,6.34,86.8,0.487684,0.13003599999999998,97.44,0.579403,15.25,0.038853,0.001183
2017-05-11,1848.57,89.88,0.183135,0.036203,30.72,0.983721,29.51,6.48,91.54,0.48107700000000003,0.10990799999999999,95.13,0.5424979999999999,15.34,0.037167,0.001212
2017-05-10,1787.13,89.52,0.186066,0.031376,31.96,0.982,29.84,6.6,91.52,0.503894,0.111377,96.99,0.5569689999999999,16.53,0.0405,0.001239
2017-05-09,1755.36,91.16,0.160074,0.027647,33.58,0.9704870000000001,28.66,6.44,93.3,0.44937,0.11175299999999999,96.09,0.555242,15.47,0.038643000000000004,0.001239
2017-05-08,1723.35,91.42,0.198212,0.03988,28.96,0.96726,30.47,6.66,101.1,0.496572,0.118875,106.62,0.607637,17.23,0.052888,0.001521
2017-05-07,1596.71,94.01,0.141763,0.043983999999999995,30.29,0.96899,32.78,7.12,106.28,0.535792,0.099328,103.83,0.621777,17.05,0.034804,0.0013050000000000002
2017-05-06,1578.8,97.81,0.10179099999999999,0.021343,28.16,0.968619,28.98,7.27,99.76,0.58767,0.073401,108.21,0.64635,17.02,0.032128,0.001169
2017-05-05,1555.45,94.4,0.093551,0.010877,26.27,0.955601,28.45,7.53,99.01,0.576426,0.07292799999999999,103.64,0.598858,15.95,0.024069,0.00084
2017-05-04,1537.67,96.98,0.078914,0.006628,23.39,0.945931,25.99,7.63,92.8,0.500309,0.063401,99.54,0.585068,15.25,0.018133,0.0007440000000000001
2017-05-03,1490.09,79.72,0.060489999999999995,0.005197,21.04,0.933351,25.2,6.67,90.08,0.34378200000000003,0.052955999999999996,91.04,0.547081,14.37,0.015972,0.000678
2017-05-02,1452.82,77.26,0.053908000000000005,0.004834000000000001,15.9,0.932607,23.04,6.58,86.24,0.314833,0.05182899999999999,91.93,0.541816,13.8,0.01489,0.00061
2017-05-01,1421.6,76.3,0.055115,0.005138,15.92,0.9358709999999999,22.77,6.89,88.12,0.318838,0.052052999999999995,90.05,0.5815229999999999,15.16,0.015361000000000001,0.000686
2017-04-30,1347.89,79.02,0.05160700000000001,0.00484,15.71,0.9368540000000001,23.72,6.52,91.55,0.360099,0.050966000000000004,93.2,0.5884659999999999,15.85,0.016456000000000002,0.000746
2017-04-29,1321.79,68.38,0.052868,0.004971,15.74,0.937193,22.76,5.42,94.95,0.271729,0.048039,96.08,0.527866,15.65,0.015441999999999999,0.000734
2017-04-28,1316.48,70.16,0.044475,0.0045509999999999995,14.34,0.934542,22.35,4.84,79.49,0.22925500000000001,0.048639,83.95,0.524252,15.28,0.013963999999999999,0.000678
2017-04-27,1317.73,62.17,0.034816,0.0039700000000000004,14.62,0.924351,21.21,4.95,78.17,0.202092,0.046975,76.82,0.510522,14.55,0.013233000000000002,0.0006320000000000001
2017-04-26,1281.08,52.72,0.032797,0.0038350000000000003,14.85,0.92105,19.37,4.59,71.53,0.184577,0.049937,72.0,0.46681300000000003,16.47,0.013134999999999999,0.000544
2017-04-25,1265.49,49.89,0.032346,0.0038079999999999998,15.21,0.913595,19.65,3.96,72.07,0.183504,0.037436000000000004,69.17,0.39473800000000003,15.21,0.013315,0.0005269999999999999
2017-04-24,1250.15,50.03,0.031383999999999995,0.0038399999999999997,14.97,0.91789,19.56,4.05,72.2,0.173758,0.034198,67.99,0.388797,16.57,0.013838999999999999,0.000515
2017-04-23,1207.21,48.49,0.031278,0.0035060000000000004,13.94,0.921333,19.72,3.54,68.89,0.17496,0.031441000000000004,66.34,0.36394699999999996,16.52,0.012749,0.000522
2017-04-22,1231.71,48.55,0.03177,0.0035060000000000004,13.06,0.9409290000000001,20.12,3.23,71.22,0.183058,0.03197,68.67,0.36583499999999997,14.77,0.012301000000000001,0.00046399999999999995
2017-04-21,1222.05,48.22,0.032779,0.0034659999999999995,11.23,0.9841690000000001,20.29,3.18,70.88,0.178122,0.032971,68.14,0.376862,14.85,0.011812999999999999,0.00045099999999999996
2017-04-20,1229.08,49.67,0.029983999999999997,0.003368,10.33,0.998275,20.24,3.28,71.45,0.184725,0.028482,67.32,0.360879,14.22,0.011227,0.000443
2017-04-19,1210.29,48.31,0.030173000000000002,0.0035740000000000004,9.66,0.9995229999999999,20.39,3.14,72.28,0.189408,0.032498,70.94,0.377722,13.43,0.012479,0.00044800000000000005
2017-04-18,1211.67,50.71,0.033184,0.003706,10.32,0.999616,21.06,2.89,72.83,0.180479,0.028337,71.78,0.34475900000000004,12.13,0.011433,0.000459
2017-04-17,1193.91,48.3,0.033655000000000004,0.0035549999999999996,10.42,0.999288,20.56,2.62,75.64,0.19148900000000002,0.026132,70.24,0.315612,12.03,0.010333,0.000459
2017-04-16,1182.94,48.72,0.033462,0.003737,10.71,0.999458,20.46,2.63,75.34,0.192076,0.024114,71.5,0.32024600000000003,12.18,0.011120999999999999,0.000454
2017-04-15,1172.52,49.1,0.033955,0.003385,10.79,0.9999389999999999,20.71,2.68,75.01,0.192164,0.024322,72.87,0.30493600000000004,12.16,0.010726000000000001,0.00041799999999999997
2017-04-14,1167.54,47.57,0.033779,0.003128,10.39,0.998986,20.59,2.64,70.77,0.192958,0.022076,71.17,0.279992,11.05,0.009370999999999999,0.000426
2017-04-13,1169.28,50.22,0.034383,0.0030600000000000002,10.15,0.9996120000000001,21.48,2.62,72.57,0.191686,0.021136000000000002,64.66,0.287101,10.99,0.008854,0.000425
2017-04-12,1200.37,46.29,0.034336,0.003036,10.79,0.9995620000000001,21.76,2.62,68.0,0.195553,0.020753,62.0,0.267817,11.51,0.008711,0.000414
2017-04-11,1205.01,43.41,0.032951999999999995,0.002782,8.85,0.999843,21.36,2.54,60.53,0.197826,0.019801,61.83,0.262838,11.4,0.008297,0.00039
2017-04-10,1187.13,43.44,0.033598,0.002788,8.92,0.9999309999999999,21.83,2.6,61.31,0.20787399999999998,0.020881,64.82,0.26879200000000003,11.52,0.008456,0.0004
2017-04-09,1187.87,43.27,0.03402,0.002745,8.71,0.9999600000000001,20.68,2.64,64.7,0.188861,0.020015,62.55,0.262574,11.99,0.008262,0.000381
2017-04-08,1175.95,44.31,0.035849,0.00292,9.92,0.9997159999999999,20.83,2.72,67.75,0.190221,0.018438999999999997,63.58,0.27284200000000003,11.18,0.008591,0.00043200000000000004
2017-04-07,1176.9,42.16,0.03632,0.0027670000000000004,9.37,0.999873,19.39,2.73,66.19,0.188531,0.016876,59.8,0.245959,8.86,0.008352,0.000398
2017-04-06,1182.68,43.24,0.032665,0.0028239999999999997,10.25,0.9999389999999999,19.27,2.68,66.53,0.18642999999999998,0.016597,57.9,0.264481,9.69,0.008515,0.00045
2017-04-05,1124.78,45.3,0.035544,0.0031309999999999997,11.09,1.0,19.62,2.76,74.37,0.184719,0.017454,59.08,0.28097300000000003,10.31,0.009294,0.000442
2017-04-04,1133.25,44.64,0.037455,0.003046,8.29,1.0,21.35,2.67,69.07,0.185002,0.018258,62.7,0.2656,10.02,0.009042,0.00043200000000000004
2017-04-03,1143.81,44.36,0.033023000000000004,0.003124,8.07,0.9997520000000001,20.33,2.6,61.76,0.199703,0.02,63.45,0.270321,10.83,0.009262000000000001,0.00042699999999999997
2017-04-02,1102.17,48.75,0.061159000000000005,0.004183,7.74,1.0,20.14,2.64,57.07,0.20548000000000002,0.016086000000000003,63.73,0.271411,11.08,0.010666,0.000489
2017-04-01,1080.5,50.7,0.021892,0.0026309999999999997,6.88,0.9995860000000001,21.5,2.76,68.6,0.205017,0.017632,64.59,0.31423,12.8,0.0068390000000000005,0.000335
2017-03-31,1071.79,50.04,0.020888999999999998,0.002356,6.67,1.0,20.54,2.83,74.91,0.203541,0.014928,70.26,0.309446,12.67,0.0064329999999999995,0.000328
2017-03-30,1026.43,52.21,0.013276,0.002302,6.98,0.999986,20.88,2.83,79.61,0.210556,0.014036000000000002,66.95,0.331256,12.25,0.00626,0.000304
2017-03-29,1039.97,53.13,0.010101,0.001973,4.19,0.9999469999999999,21.14,2.33,84.4,0.21242800000000003,0.014891999999999999,63.36,0.33773400000000003,12.24,0.006193,0.000272
2017-03-28,1047.15,50.77,0.009514,0.002043,4.16,1.0,19.81,2.27,87.89,0.22063200000000002,0.013647,64.69,0.303948,12.81,0.005511,0.000273
2017-03-27,1045.77,49.67,0.009597,0.0018920000000000002,4.08,1.0,19.66,2.13,85.66,0.186426,0.013332,54.54,0.286597,10.79,0.005427,0.000254
2017-03-26,966.72,50.52,0.009545,0.002018,4.06,1.0,19.61,2.31,93.63,0.160384,0.013527,59.93,0.268239,15.19,0.005141,0.000272
2017-03-25,972.78,51.25,0.009115999999999999,0.002016,4.07,0.999916,20.14,2.28,94.33,0.167305,0.012709999999999999,63.4,0.269478,10.02,0.005184,0.000298
2017-03-24,937.52,53.11,0.010518000000000001,0.0021079999999999996,4.08,0.9998959999999999,21.1,2.41,97.27,0.166465,0.013890999999999999,64.59,0.257284,7.3,0.00542,0.000264
2017-03-23,1038.59,43.68,0.010582,0.002251,3.98,1.0,21.82,2.29,101.43,0.16641199999999998,0.015019999999999999,66.61,0.265448,7.81,0.00562,0.000242
2017-03-22,1049.14,42.34,0.007301,0.001983,3.94,1.0,21.42,2.4,101.51,0.17314300000000002,0.016312,69.22,0.285156,5.91,0.005691,0.00024300000000000002
2017-03-21,1120.54,43.15,0.006909,0.002187,4.01,1.0,21.29,2.43,95.38,0.164934,0.0158,66.64,0.303869,5.76,0.005635,0.000246
2017-03-20,1054.23,43.39,0.006975,0.001995,4.03,1.0,22.51,1.95,100.05,0.153898,0.014328,72.47,0.240709,6.14,0.005561,0.000236
2017-03-19,1036.74,44.74,0.006912000000000001,0.001916,3.96,1.0,23.29,1.92,108.23,0.15755999999999998,0.016475,69.89,0.186555,6.38,0.004797,0.00023500000000000002
2017-03-18,973.82,34.16,0.00671,0.001877,3.97,1.0,20.07,1.7,109.24,0.158987,0.011958,64.18,0.174334,6.23,0.004515,0.00021899999999999998
2017-03-17,1100.23,46.83,0.006116,0.001957,4.06,1.0,22.35,1.91,99.14,0.139902,0.011788,48.27,0.16431300000000001,4.83,0.005011,0.000223
2017-03-16,1187.81,46.35,0.0063939999999999995,0.00197,4.24,1.0,22.48,2.13,89.81,0.131867,0.011101999999999999,48.78,0.191859,5.18,0.004424,0.00023500000000000002
2017-03-15,1249.61,35.06,0.006314,0.001953,4.16,1.0,18.98,1.8,95.09,0.128653,0.011238,45.73,0.16717200000000002,5.34,0.005242,0.00024300000000000002
2017-03-14,1240.0,28.65,0.006381,0.001918,4.06,1.0,17.76,1.65,88.24,0.133681,0.011614,45.12,0.146783,4.64,0.004314,0.00023799999999999998
2017-03-13,1231.92,28.59,0.006385,0.0019649999999999997,4.17,1.0,18.13,1.65,74.61,0.136979,0.010914,47.66,0.12857000000000002,5.06,0.004058,0.00024700000000000004
2017-03-12,1221.38,23.44,0.006255,0.001847,3.84,1.0,16.79,1.42,77.08,0.140575,0.009894,40.16,0.11324100000000001,4.62,0.003704,0.000229
2017-03-11,1175.83,21.47,0.0062380000000000005,0.0017879999999999999,3.8,1.0,14.69,1.38,72.93,0.14214200000000002,0.009836,39.72,0.111927,3.27,0.0035789999999999997,0.00021099999999999998
2017-03-10,1116.72,19.33,0.006227,0.0017329999999999997,3.75,0.9999899999999999,13.21,1.3,50.42,0.131476,0.009141,35.35,0.11327899999999999,3.13,0.0035039999999999997,0.000204
2017-03-09,1188.49,17.75,0.006498,0.00179,3.84,0.999906,13.03,1.32,51.06,0.132026,0.009042,36.72,0.11891600000000001,3.09,0.003599,0.00021099999999999998
2017-03-08,1150.0,16.65,0.006509,0.001835,3.78,1.0,12.47,1.29,42.33,0.11624200000000001,0.009314,35.74,0.110449,2.8,0.003675,0.00020800000000000001
2017-03-07,1223.54,18.89,0.006534000000000001,0.0020109999999999998,3.82,1.0,13.53,1.37,45.68,0.122573,0.01097,38.03,0.12034,3.31,0.003679,0.00020899999999999998
2017-03-06,1272.83,19.61,0.006057,0.001876,3.92,1.0,15.41,1.43,46.5,0.12345,0.010823000000000001,40.32,0.12493299999999999,2.29,0.003638,0.00021
2017-03-05,1267.12,19.3,0.006129,0.001738,3.9,1.0,15.18,1.4,42.31,0.12175699999999999,0.011337999999999999,39.44,0.119649,2.08,0.003546,0.000206
2017-03-04,1255.15,18.62,0.006299,0.0017530000000000002,3.88,1.0,13.67,1.43,43.38,0.119901,0.009567,41.64,0.115802,2.15,0.003447,0.000205
2017-03-03,1274.99,19.46,0.006339,0.0017629999999999998,3.92,1.0,13.91,1.44,47.38,0.12244400000000001,0.008887,41.8,0.109048,2.07,0.003592,0.00021099999999999998
2017-03-02,1251.01,19.03,0.005991,0.0017870000000000002,3.92,1.0,13.11,1.36,42.44,0.119301,0.008818000000000001,39.67,0.10943499999999999,2.09,0.003629,0.000205
2017-03-01,1222.5,17.35,0.005408,0.0017239999999999998,3.8,0.9999979999999999,12.33,1.4,42.54,0.135197,0.00785,41.41,0.10478,2.02,0.003472,0.00020299999999999997
2017-02-28,1179.97,15.82,0.005536,0.001843,3.77,0.99997,12.28,1.24,32.51,0.117443,0.007034,37.31,0.112352,2.15,0.0035409999999999994,0.000205
2017-02-27,1179.97,15.4,0.005609,0.0017739999999999998,3.8,1.0,11.96,1.23,28.18,0.11537599999999999,0.0064150000000000006,35.94,0.124146,2.31,0.0037939999999999996,0.00020800000000000001
2017-02-26,1165.2,14.52,0.005671,0.001875,3.83,1.0,11.89,1.25,28.11,0.11498599999999999,0.006447,29.45,0.128532,2.4,0.0038009999999999997,0.00020299999999999997
2017-02-25,1143.84,13.55,0.005665,0.0018809999999999999,3.83,1.0,11.85,1.21,26.76,0.114526,0.00634,29.15,0.13009,2.29,0.003889,0.0002
2017-02-24,1173.68,13.07,0.0057009999999999995,0.0018850000000000002,3.85,0.9999979999999999,11.92,1.21,26.2,0.12118499999999999,0.006571,30.23,0.132936,2.29,0.0039049999999999996,0.00020800000000000001
2017-02-23,1166.72,13.12,0.005895,0.001927,3.84,0.9999969999999999,12.87,1.22,25.22,0.118724,0.006853,29.98,0.133549,2.06,0.0038159999999999995,0.00020800000000000001
2017-02-22,1117.44,12.6,0.00586,0.002008,3.81,0.999967,12.77,1.21,22.12,0.121959,0.0063880000000000004,27.16,0.12959,2.12,0.0037890000000000003,0.000202
2017-02-21,1115.3,12.67,0.005832,0.001997,3.78,0.99976,12.34,1.24,21.25,0.12156099999999999,0.006326,29.9,0.130772,1.74,0.0038439999999999998,0.00020800000000000001
2017-02-20,1079.98,12.43,0.005873,0.002052,3.77,0.9999969999999999,12.22,1.22,21.59,0.121475,0.006559000000000001,30.87,0.124859,1.88,0.004012,0.000207
2017-02-19,1047.87,12.76,0.005878,0.002014,3.76,0.999898,12.99,1.22,22.55,0.122905,0.006352,30.58,0.13552999999999998,2.01,0.004021,0.00020800000000000001
2017-02-18,1054.42,12.81,0.005569,0.0020210000000000002,3.79,1.0,13.36,1.22,21.41,0.124431,0.006862999999999999,30.84,0.139254,1.84,0.003998,0.000197
2017-02-17,1046.21,12.68,0.005935,0.002093,3.83,1.0,13.3,1.23,20.0,0.12266099999999999,0.0071129999999999995,32.01,0.145351,2.08,0.004138,0.00020899999999999998
2017-02-16,1027.44,12.9,0.006027,0.002139,3.79,1.0,13.1,1.24,19.52,0.126088,0.007039,32.56,0.144879,2.2,0.004064,0.000207
2017-02-15,1007.48,12.92,0.006147,0.002224,3.81,1.0,13.62,1.26,19.63,0.112729,0.007093,33.55,0.142241,2.38,0.00404,0.00020899999999999998
2017-02-14,1004.55,13.03,0.006278,0.00209,3.77,1.0,12.99,1.25,18.15,0.116603,0.00673,32.37,0.147843,2.42,0.003999,0.00020899999999999998
2017-02-13,990.64,11.27,0.006251,0.0020670000000000003,3.72,1.0,12.2,1.19,16.88,0.11828599999999999,0.006634999999999999,30.38,0.144006,2.67,0.003865,0.00020800000000000001
2017-02-12,999.18,11.4,0.006268999999999999,0.00209,3.76,0.999999,12.33,1.23,16.91,0.12156600000000001,0.0069,31.61,0.149559,2.39,0.003966,0.00020800000000000001
2017-02-11,1004.45,11.35,0.006333,0.002111,3.79,0.999999,12.24,1.24,17.15,0.125607,0.006992,32.76,0.150625,2.5,0.004047,0.00021
2017-02-10,988.67,11.28,0.006289,0.002141,3.78,0.999999,11.98,1.26,16.67,0.12576099999999998,0.006338,32.7,0.147097,2.57,0.003935,0.00020800000000000001
2017-02-09,994.38,11.03,0.006374,0.0021550000000000002,3.8,0.999999,12.12,1.27,16.58,0.127476,0.006323,33.34,0.154264,2.77,0.003781,0.000204
2017-02-08,1063.07,11.43,0.006437999999999999,0.002235,4.02,0.999999,12.8,1.45,17.35,0.12956800000000002,0.006661,35.3,0.162493,2.57,0.004037,0.00021099999999999998
2017-02-07,1061.35,11.52,0.0064069999999999995,0.0023190000000000003,4.04,0.999999,12.65,1.47,17.14,0.133135,0.006917,36.42,0.165273,2.6,0.004092,0.00020800000000000001
2017-02-06,1038.15,11.39,0.00645,0.002369,4.04,0.9999979999999999,12.88,1.47,17.12,0.126788,0.006039,37.59,0.159951,2.6,0.003954999999999999,0.00021400000000000002
2017-02-05,1027.34,11.35,0.006442,0.002344,4.04,0.999999,12.8,1.39,17.06,0.131582,0.006389,38.16,0.163118,3.06,0.003978,0.00021099999999999998
2017-02-04,1042.9,11.43,0.006492,0.002391,4.06,0.999999,12.61,1.39,17.62,0.13586700000000002,0.0071730000000000006,39.34,0.158697,3.37,0.004067,0.00021099999999999998
2017-02-03,1029.91,11.11,0.006474,0.0023989999999999997,4.08,0.9999979999999999,12.86,1.36,17.52,0.13426400000000002,0.006938,39.02,0.160143,2.61,0.0039299999999999995,0.000213
2017-02-02,1011.8,10.82,0.006469,0.00242,4.09,0.999994,13.14,1.36,16.31,0.145699,0.006294,39.24,0.15786,2.6,0.004093,0.00021099999999999998
2017-02-01,989.02,10.73,0.006540000000000001,0.002357,4.08,0.999999,13.27,1.36,16.03,0.14721800000000002,0.005487,39.89,0.159417,2.46,0.004062,0.00020899999999999998
2017-01-31,970.4,10.73,0.006314,0.0023710000000000003,4.08,0.9999969999999999,12.99,1.36,16.07,0.147016,0.0052369999999999995,39.52,0.160103,2.29,0.004059,0.000206
2017-01-30,920.38,10.57,0.006381,0.0024579999999999997,4.02,1.0,12.71,1.35,15.96,0.15375999999999998,0.005252000000000001,39.98,0.161823,1.84,0.0041340000000000005,0.00020800000000000001
2017-01-29,919.5,10.48,0.006402,0.002225,3.85,1.0,12.66,1.3,15.51,0.141204,0.005164,38.67,0.157884,1.95,0.004159,0.000204
2017-01-28,921.59,10.56,0.006342,0.0021920000000000004,3.85,1.0,12.85,1.3,15.27,0.134674,0.004815,38.2,0.155418,1.53,0.0038179999999999998,0.00020899999999999998
2017-01-27,919.75,10.54,0.0064150000000000006,0.002196,3.86,1.0,12.1,1.28,15.34,0.13034300000000001,0.004994,38.22,0.147809,1.34,0.003868,0.000204
2017-01-26,917.59,10.59,0.006690000000000001,0.0021969999999999997,3.83,1.0,11.98,1.33,15.04,0.13361199999999998,0.005204,38.52,0.146255,1.57,0.003832,0.00020800000000000001
2017-01-25,901.54,10.57,0.006513,0.002157,3.71,1.0,11.83,1.29,14.51,0.12421600000000001,0.004543,40.15,0.14590899999999998,1.01,0.003658,0.000204
2017-01-24,892.69,10.63,0.006540000000000001,0.002234,3.79,1.0,11.81,1.36,14.09,0.12021300000000001,0.0039020000000000005,41.41,0.14893599999999999,1.01,0.0036850000000000003,0.000202
2017-01-23,921.01,10.82,0.006697,0.002332,3.84,1.0,12.25,1.4,15.19,0.129948,0.003689,42.85,0.155645,0.983584,0.003698,0.00020800000000000001
2017-01-22,924.67,10.7,0.006712999999999999,0.002336,3.84,1.0,12.18,1.38,15.11,0.11431300000000001,0.003696,43.31,0.155556,0.918113,0.003694,0.000207
2017-01-21,921.79,10.91,0.006706,0.002301,3.9,1.0,12.03,1.41,14.97,0.116309,0.003691,43.51,0.158228,0.873401,0.0037939999999999996,0.00020800000000000001
2017-01-20,895.03,10.6,0.006675,0.002357,3.89,1.0,11.91,1.34,15.16,0.117809,0.0035450000000000004,43.65,0.154868,0.913069,0.003882,0.00020899999999999998
2017-01-19,899.07,10.4,0.007034,0.002349,3.86,1.0,12.15,1.17,15.18,0.116619,0.003585,44.25,0.15663,1.04,0.003878,0.00021099999999999998
2017-01-18,886.62,10.23,0.0067090000000000006,0.0024809999999999997,3.84,1.0,12.05,1.2,14.06,0.12303499999999999,0.0035520000000000005,43.92,0.161745,0.856784,0.003945000000000001,0.00020800000000000001
2017-01-17,907.94,10.3,0.0068,0.002545,3.94,1.0,12.39,1.21,14.25,0.116638,0.0035240000000000002,44.68,0.157547,0.884882,0.0039109999999999995,0.000215
2017-01-16,831.53,9.64,0.006788,0.00238,3.9,1.0,10.64,1.18,12.94,0.119649,0.003669,43.46,0.154283,0.9581280000000001,0.0039109999999999995,0.000207
2017-01-15,821.8,9.9,0.006726,0.002441,3.93,1.0,10.76,1.19,12.39,0.123732,0.003667,45.15,0.161148,0.979475,0.00381,0.000206
2017-01-14,818.41,9.65,0.006862999999999999,0.002472,3.9,1.0,11.09,1.2,12.08,0.122939,0.00372,43.64,0.147586,1.05,0.0038520000000000004,0.00020899999999999998
2017-01-13,823.98,9.77,0.006595999999999999,0.002398,3.89,1.0,11.27,1.21,12.59,0.121321,0.003592,43.21,0.140261,1.1,0.0037170000000000003,0.00020899999999999998
2017-01-12,804.83,9.86,0.006423000000000001,0.002475,3.96,1.0,11.85,1.22,12.22,0.124122,0.003489,42.81,0.138436,0.836467,0.003761,0.00020800000000000001
2017-01-11,777.76,9.72,0.006411,0.002089,3.85,1.0,11.64,1.18,11.3,0.115138,0.003297,40.05,0.140104,0.698304,0.0034659999999999995,0.000205
2017-01-10,907.68,10.55,0.006698000000000001,0.002355,4.59,1.0,13.39,1.43,12.49,0.133864,0.0036009999999999996,45.66,0.149062,0.7034560000000001,0.003826,0.000226
2017-01-09,902.83,10.33,0.006167,0.0023469999999999997,4.3,1.0,13.74,1.41,12.09,0.123767,0.0036079999999999997,46.1,0.149266,0.814826,0.0037479999999999996,0.000229
2017-01-08,911.2,10.29,0.006233,0.002355,3.99,1.0,13.47,1.45,12.54,0.132609,0.003421,46.11,0.157737,0.823298,0.003699,0.000221
2017-01-07,908.59,9.87,0.006365999999999999,0.002396,3.96,1.0,13.06,1.44,12.44,0.131104,0.003508,47.38,0.145559,0.672963,0.0036780000000000003,0.000221
2017-01-06,902.2,10.25,0.006314999999999999,0.002494,3.86,1.0,14.03,1.51,12.03,0.135472,0.003329,47.46,0.141302,0.548149,0.0036630000000000005,0.00022
2017-01-05,1013.38,10.25,0.006201,0.002598,4.29,1.0,16.19,1.61,14.38,0.13107,0.003638,49.84,0.157554,0.5514819999999999,0.004089,0.000229
2017-01-04,1154.73,11.25,0.00657,0.002735,4.84,1.0,18.53,1.76,16.52,0.136734,0.003766,57.03,0.172757,0.6569560000000001,0.004438,0.000236
2017-01-03,1043.84,9.73,0.006386,0.002554,4.63,1.0,16.09,1.49,12.78,0.140422,0.003573,50.04,0.15903299999999998,0.461408,0.004154,0.000227
2017-01-02,1021.75,8.38,0.006311,0.002477,4.65,1.0,16.05,1.44,11.81,0.145642,0.0033770000000000002,49.79,0.158091,0.472282,0.004051,0.000226
2017-01-01,998.33,8.17,0.006368,0.0024809999999999997,4.51,1.0,13.97,1.4,11.23,0.141841,0.00344,48.47,0.150247,0.49,0.0040490000000000005,0.00022799999999999999
